f_S[GHz],real(Zin),imag(Zin),,,,,
-15,1.71E-02,34.18,,,,,
-14.99,1.71E-02,34.2,,,,,
-14.98,1.71E-02,34.22,,,,,
-14.97,1.71E-02,34.25,,,,,
-14.96,1.71E-02,34.27,,,,,
-14.95,1.72E-02,34.29,,,,,
-14.94,1.72E-02,34.31,,,,,
-14.93,1.72E-02,34.34,,,,,
-14.92,1.72E-02,34.36,,,,,
-14.91,1.72E-02,34.38,,,,,
-14.9,1.73E-02,34.41,,,,,
-14.89,1.73E-02,34.43,,,,,
-14.88,1.73E-02,34.45,,,,,
-14.87,1.73E-02,34.48,,,,,
-14.86,1.74E-02,34.5,,,,,
-14.85,1.74E-02,34.52,,,,,
-14.84,1.74E-02,34.55,,,,,
-14.83,1.74E-02,34.57,,,,,
-14.82,1.74E-02,34.59,,,,,
-14.81,1.75E-02,34.62,,,,,
-14.8,1.75E-02,34.64,,,,,
-14.79,1.75E-02,34.66,,,,,
-14.78,1.75E-02,34.69,,,,,
-14.77,1.75E-02,34.71,,,,,
-14.76,1.76E-02,34.73,,,,,
-14.75,1.76E-02,34.76,,,,,
-14.74,1.76E-02,34.78,,,,,
-14.73,1.76E-02,34.8,,,,,
-14.72,1.77E-02,34.83,,,,,
-14.71,1.77E-02,34.85,,,,,
-14.7,1.77E-02,34.88,,,,,
-14.69,1.77E-02,34.9,,,,,
-14.68,1.77E-02,34.92,,,,,
-14.67,1.78E-02,34.95,,,,,
-14.66,1.78E-02,34.97,,,,,
-14.65,1.78E-02,34.99,,,,,
-14.64,1.78E-02,35.02,,,,,
-14.63,1.79E-02,35.04,,,,,
-14.62,1.79E-02,35.07,,,,,
-14.61,1.79E-02,35.09,,,,,
-14.6,1.79E-02,35.11,,,,,
-14.59,1.80E-02,35.14,,,,,
-14.58,1.80E-02,35.16,,,,,
-14.57,1.80E-02,35.19,,,,,
-14.56,1.80E-02,35.21,,,,,
-14.55,1.80E-02,35.24,,,,,
-14.54,1.81E-02,35.26,,,,,
-14.53,1.81E-02,35.28,,,,,
-14.52,1.81E-02,35.31,,,,,
-14.51,1.81E-02,35.33,,,,,
-14.5,1.82E-02,35.36,,,,,
-14.49,1.82E-02,35.38,,,,,
-14.48,1.82E-02,35.41,,,,,
-14.47,1.82E-02,35.43,,,,,
-14.46,1.82E-02,35.46,,,,,
-14.45,1.83E-02,35.48,,,,,
-14.44,1.83E-02,35.5,,,,,
-14.43,1.83E-02,35.53,,,,,
-14.42,1.83E-02,35.55,,,,,
-14.41,1.84E-02,35.58,,,,,
-14.4,1.84E-02,35.6,,,,,
-14.39,1.84E-02,35.63,,,,,
-14.38,1.84E-02,35.65,,,,,
-14.37,1.85E-02,35.68,,,,,
-14.36,1.85E-02,35.7,,,,,
-14.35,1.85E-02,35.73,,,,,
-14.34,1.85E-02,35.75,,,,,
-14.33,1.86E-02,35.78,,,,,
-14.32,1.86E-02,35.8,,,,,
-14.31,1.86E-02,35.83,,,,,
-14.3,1.86E-02,35.85,,,,,
-14.29,1.87E-02,35.88,,,,,
-14.28,1.87E-02,35.9,,,,,
-14.27,1.87E-02,35.93,,,,,
-14.26,1.87E-02,35.95,,,,,
-14.25,1.87E-02,35.98,,,,,
-14.24,1.88E-02,36,,,,,
-14.23,1.88E-02,36.03,,,,,
-14.22,1.88E-02,36.05,,,,,
-14.21,1.88E-02,36.08,,,,,
-14.2,1.89E-02,36.1,,,,,
-14.19,1.89E-02,36.13,,,,,
-14.18,1.89E-02,36.16,,,,,
-14.17,1.89E-02,36.18,,,,,
-14.16,1.90E-02,36.21,,,,,
-14.15,1.90E-02,36.23,,,,,
-14.14,1.90E-02,36.26,,,,,
-14.13,1.90E-02,36.28,,,,,
-14.12,1.91E-02,36.31,,,,,
-14.11,1.91E-02,36.34,,,,,
-14.1,1.91E-02,36.36,,,,,
-14.09,1.91E-02,36.39,,,,,
-14.08,1.92E-02,36.41,,,,,
-14.07,1.92E-02,36.44,,,,,
-14.06,1.92E-02,36.46,,,,,
-14.05,1.92E-02,36.49,,,,,
-14.04,1.93E-02,36.52,,,,,
-14.03,1.93E-02,36.54,,,,,
-14.02,1.93E-02,36.57,,,,,
-14.01,1.93E-02,36.6,,,,,
-14,1.94E-02,36.62,,,,,
-13.99,1.94E-02,36.65,,,,,
-13.98,1.94E-02,36.67,,,,,
-13.97,1.94E-02,36.7,,,,,
-13.96,1.95E-02,36.73,,,,,
-13.95,1.95E-02,36.75,,,,,
-13.94,1.95E-02,36.78,,,,,
-13.93,1.95E-02,36.81,,,,,
-13.92,1.96E-02,36.83,,,,,
-13.91,1.96E-02,36.86,,,,,
-13.9,1.96E-02,36.88,,,,,
-13.89,1.97E-02,36.91,,,,,
-13.88,1.97E-02,36.94,,,,,
-13.87,1.97E-02,36.96,,,,,
-13.86,1.97E-02,36.99,,,,,
-13.85,1.98E-02,37.02,,,,,
-13.84,1.98E-02,37.05,,,,,
-13.83,1.98E-02,37.07,,,,,
-13.82,1.98E-02,37.1,,,,,
-13.81,1.99E-02,37.13,,,,,
-13.8,1.99E-02,37.15,,,,,
-13.79,1.99E-02,37.18,,,,,
-13.78,1.99E-02,37.21,,,,,
-13.77,2.00E-02,37.23,,,,,
-13.76,2.00E-02,37.26,,,,,
-13.75,2.00E-02,37.29,,,,,
-13.74,2.00E-02,37.31,,,,,
-13.73,2.01E-02,37.34,,,,,
-13.72,2.01E-02,37.37,,,,,
-13.71,2.01E-02,37.4,,,,,
-13.7,2.02E-02,37.42,,,,,
-13.69,2.02E-02,37.45,,,,,
-13.68,2.02E-02,37.48,,,,,
-13.67,2.02E-02,37.51,,,,,
-13.66,2.03E-02,37.53,,,,,
-13.65,2.03E-02,37.56,,,,,
-13.64,2.03E-02,37.59,,,,,
-13.63,2.03E-02,37.62,,,,,
-13.62,2.04E-02,37.64,,,,,
-13.61,2.04E-02,37.67,,,,,
-13.6,2.04E-02,37.7,,,,,
-13.59,2.05E-02,37.73,,,,,
-13.58,2.05E-02,37.76,,,,,
-13.57,2.05E-02,37.78,,,,,
-13.56,2.05E-02,37.81,,,,,
-13.55,2.06E-02,37.84,,,,,
-13.54,2.06E-02,37.87,,,,,
-13.53,2.06E-02,37.89,,,,,
-13.52,2.06E-02,37.92,,,,,
-13.51,2.07E-02,37.95,,,,,
-13.5,2.07E-02,37.98,,,,,
-13.49,2.07E-02,38.01,,,,,
-13.48,2.08E-02,38.04,,,,,
-13.47,2.08E-02,38.06,,,,,
-13.46,2.08E-02,38.09,,,,,
-13.45,2.08E-02,38.12,,,,,
-13.44,2.09E-02,38.15,,,,,
-13.43,2.09E-02,38.18,,,,,
-13.42,2.09E-02,38.21,,,,,
-13.41,2.10E-02,38.23,,,,,
-13.4,2.10E-02,38.26,,,,,
-13.39,2.10E-02,38.29,,,,,
-13.38,2.10E-02,38.32,,,,,
-13.37,2.11E-02,38.35,,,,,
-13.36,2.11E-02,38.38,,,,,
-13.35,2.11E-02,38.41,,,,,
-13.34,2.12E-02,38.44,,,,,
-13.33,2.12E-02,38.46,,,,,
-13.32,2.12E-02,38.49,,,,,
-13.31,2.12E-02,38.52,,,,,
-13.3,2.13E-02,38.55,,,,,
-13.29,2.13E-02,38.58,,,,,
-13.28,2.13E-02,38.61,,,,,
-13.27,2.14E-02,38.64,,,,,
-13.26,2.14E-02,38.67,,,,,
-13.25,2.14E-02,38.7,,,,,
-13.24,2.14E-02,38.73,,,,,
-13.23,2.15E-02,38.76,,,,,
-13.22,2.15E-02,38.78,,,,,
-13.21,2.15E-02,38.81,,,,,
-13.2,2.16E-02,38.84,,,,,
-13.19,2.16E-02,38.87,,,,,
-13.18,2.16E-02,38.9,,,,,
-13.17,2.17E-02,38.93,,,,,
-13.16,2.17E-02,38.96,,,,,
-13.15,2.17E-02,38.99,,,,,
-13.14,2.17E-02,39.02,,,,,
-13.13,2.18E-02,39.05,,,,,
-13.12,2.18E-02,39.08,,,,,
-13.11,2.18E-02,39.11,,,,,
-13.1,2.19E-02,39.14,,,,,
-13.09,2.19E-02,39.17,,,,,
-13.08,2.19E-02,39.2,,,,,
-13.07,2.20E-02,39.23,,,,,
-13.06,2.20E-02,39.26,,,,,
-13.05,2.20E-02,39.29,,,,,
-13.04,2.20E-02,39.32,,,,,
-13.03,2.21E-02,39.35,,,,,
-13.02,2.21E-02,39.38,,,,,
-13.01,2.21E-02,39.41,,,,,
-13,2.22E-02,39.44,,,,,
-12.99,2.22E-02,39.47,,,,,
-12.98,2.22E-02,39.5,,,,,
-12.97,2.23E-02,39.53,,,,,
-12.96,2.23E-02,39.56,,,,,
-12.95,2.23E-02,39.59,,,,,
-12.94,2.24E-02,39.62,,,,,
-12.93,2.24E-02,39.66,,,,,
-12.92,2.24E-02,39.69,,,,,
-12.91,2.25E-02,39.72,,,,,
-12.9,2.25E-02,39.75,,,,,
-12.89,2.25E-02,39.78,,,,,
-12.88,2.25E-02,39.81,,,,,
-12.87,2.26E-02,39.84,,,,,
-12.86,2.26E-02,39.87,,,,,
-12.85,2.26E-02,39.9,,,,,
-12.84,2.27E-02,39.93,,,,,
-12.83,2.27E-02,39.96,,,,,
-12.82,2.27E-02,40,,,,,
-12.81,2.28E-02,40.03,,,,,
-12.8,2.28E-02,40.06,,,,,
-12.79,2.28E-02,40.09,,,,,
-12.78,2.29E-02,40.12,,,,,
-12.77,2.29E-02,40.15,,,,,
-12.76,2.29E-02,40.18,,,,,
-12.75,2.30E-02,40.22,,,,,
-12.74,2.30E-02,40.25,,,,,
-12.73,2.30E-02,40.28,,,,,
-12.72,2.31E-02,40.31,,,,,
-12.71,2.31E-02,40.34,,,,,
-12.7,2.31E-02,40.37,,,,,
-12.69,2.32E-02,40.41,,,,,
-12.68,2.32E-02,40.44,,,,,
-12.67,2.32E-02,40.47,,,,,
-12.66,2.33E-02,40.5,,,,,
-12.65,2.33E-02,40.53,,,,,
-12.64,2.33E-02,40.57,,,,,
-12.63,2.34E-02,40.6,,,,,
-12.62,2.34E-02,40.63,,,,,
-12.61,2.34E-02,40.66,,,,,
-12.6,2.35E-02,40.7,,,,,
-12.59,2.35E-02,40.73,,,,,
-12.58,2.35E-02,40.76,,,,,
-12.57,2.36E-02,40.79,,,,,
-12.56,2.36E-02,40.83,,,,,
-12.55,2.36E-02,40.86,,,,,
-12.54,2.37E-02,40.89,,,,,
-12.53,2.37E-02,40.92,,,,,
-12.52,2.37E-02,40.96,,,,,
-12.51,2.38E-02,40.99,,,,,
-12.5,2.38E-02,41.02,,,,,
-12.49,2.38E-02,41.05,,,,,
-12.48,2.39E-02,41.09,,,,,
-12.47,2.39E-02,41.12,,,,,
-12.46,2.39E-02,41.15,,,,,
-12.45,2.40E-02,41.19,,,,,
-12.44,2.40E-02,41.22,,,,,
-12.43,2.40E-02,41.25,,,,,
-12.42,2.41E-02,41.29,,,,,
-12.41,2.41E-02,41.32,,,,,
-12.4,2.41E-02,41.35,,,,,
-12.39,2.42E-02,41.39,,,,,
-12.38,2.42E-02,41.42,,,,,
-12.37,2.42E-02,41.45,,,,,
-12.36,2.43E-02,41.49,,,,,
-12.35,2.43E-02,41.52,,,,,
-12.34,2.44E-02,41.55,,,,,
-12.33,2.44E-02,41.59,,,,,
-12.32,2.44E-02,41.62,,,,,
-12.31,2.45E-02,41.66,,,,,
-12.3,2.45E-02,41.69,,,,,
-12.29,2.45E-02,41.72,,,,,
-12.28,2.46E-02,41.76,,,,,
-12.27,2.46E-02,41.79,,,,,
-12.26,2.46E-02,41.83,,,,,
-12.25,2.47E-02,41.86,,,,,
-12.24,2.47E-02,41.89,,,,,
-12.23,2.47E-02,41.93,,,,,
-12.22,2.48E-02,41.96,,,,,
-12.21,2.48E-02,42,,,,,
-12.2,2.49E-02,42.03,,,,,
-12.19,2.49E-02,42.07,,,,,
-12.18,2.49E-02,42.1,,,,,
-12.17,2.50E-02,42.14,,,,,
-12.16,2.50E-02,42.17,,,,,
-12.15,2.50E-02,42.2,,,,,
-12.14,2.51E-02,42.24,,,,,
-12.13,2.51E-02,42.27,,,,,
-12.12,2.52E-02,42.31,,,,,
-12.11,2.52E-02,42.34,,,,,
-12.1,2.52E-02,42.38,,,,,
-12.09,2.53E-02,42.41,,,,,
-12.08,2.53E-02,42.45,,,,,
-12.07,2.53E-02,42.48,,,,,
-12.06,2.54E-02,42.52,,,,,
-12.05,2.54E-02,42.56,,,,,
-12.04,2.54E-02,42.59,,,,,
-12.03,2.55E-02,42.63,,,,,
-12.02,2.55E-02,42.66,,,,,
-12.01,2.56E-02,42.7,,,,,
-12,2.56E-02,42.73,,,,,
-11.99,2.56E-02,42.77,,,,,
-11.98,2.57E-02,42.8,,,,,
-11.97,2.57E-02,42.84,,,,,
-11.96,2.58E-02,42.88,,,,,
-11.95,2.58E-02,42.91,,,,,
-11.94,2.58E-02,42.95,,,,,
-11.93,2.59E-02,42.98,,,,,
-11.92,2.59E-02,43.02,,,,,
-11.91,2.59E-02,43.06,,,,,
-11.9,2.60E-02,43.09,,,,,
-11.89,2.60E-02,43.13,,,,,
-11.88,2.61E-02,43.17,,,,,
-11.87,2.61E-02,43.2,,,,,
-11.86,2.61E-02,43.24,,,,,
-11.85,2.62E-02,43.27,,,,,
-11.84,2.62E-02,43.31,,,,,
-11.83,2.63E-02,43.35,,,,,
-11.82,2.63E-02,43.38,,,,,
-11.81,2.63E-02,43.42,,,,,
-11.8,2.64E-02,43.46,,,,,
-11.79,2.64E-02,43.5,,,,,
-11.78,2.65E-02,43.53,,,,,
-11.77,2.65E-02,43.57,,,,,
-11.76,2.65E-02,43.61,,,,,
-11.75,2.66E-02,43.64,,,,,
-11.74,2.66E-02,43.68,,,,,
-11.73,2.67E-02,43.72,,,,,
-11.72,2.67E-02,43.76,,,,,
-11.71,2.67E-02,43.79,,,,,
-11.7,2.68E-02,43.83,,,,,
-11.69,2.68E-02,43.87,,,,,
-11.68,2.69E-02,43.91,,,,,
-11.67,2.69E-02,43.94,,,,,
-11.66,2.69E-02,43.98,,,,,
-11.65,2.70E-02,44.02,,,,,
-11.64,2.70E-02,44.06,,,,,
-11.63,2.71E-02,44.09,,,,,
-11.62,2.71E-02,44.13,,,,,
-11.61,2.71E-02,44.17,,,,,
-11.6,2.72E-02,44.21,,,,,
-11.59,2.72E-02,44.25,,,,,
-11.58,2.73E-02,44.29,,,,,
-11.57,2.73E-02,44.32,,,,,
-11.56,2.74E-02,44.36,,,,,
-11.55,2.74E-02,44.4,,,,,
-11.54,2.74E-02,44.44,,,,,
-11.53,2.75E-02,44.48,,,,,
-11.52,2.75E-02,44.52,,,,,
-11.51,2.76E-02,44.56,,,,,
-11.5,2.76E-02,44.59,,,,,
-11.49,2.77E-02,44.63,,,,,
-11.48,2.77E-02,44.67,,,,,
-11.47,2.77E-02,44.71,,,,,
-11.46,2.78E-02,44.75,,,,,
-11.45,2.78E-02,44.79,,,,,
-11.44,2.79E-02,44.83,,,,,
-11.43,2.79E-02,44.87,,,,,
-11.42,2.80E-02,44.91,,,,,
-11.41,2.80E-02,44.95,,,,,
-11.4,2.80E-02,44.99,,,,,
-11.39,2.81E-02,45.03,,,,,
-11.38,2.81E-02,45.07,,,,,
-11.37,2.82E-02,45.1,,,,,
-11.36,2.82E-02,45.14,,,,,
-11.35,2.83E-02,45.18,,,,,
-11.34,2.83E-02,45.22,,,,,
-11.33,2.83E-02,45.26,,,,,
-11.32,2.84E-02,45.3,,,,,
-11.31,2.84E-02,45.34,,,,,
-11.3,2.85E-02,45.38,,,,,
-11.29,2.85E-02,45.42,,,,,
-11.28,2.86E-02,45.47,,,,,
-11.27,2.86E-02,45.51,,,,,
-11.26,2.87E-02,45.55,,,,,
-11.25,2.87E-02,45.59,,,,,
-11.24,2.87E-02,45.63,,,,,
-11.23,2.88E-02,45.67,,,,,
-11.22,2.88E-02,45.71,,,,,
-11.21,2.89E-02,45.75,,,,,
-11.2,2.89E-02,45.79,,,,,
-11.19,2.90E-02,45.83,,,,,
-11.18,2.90E-02,45.87,,,,,
-11.17,2.91E-02,45.91,,,,,
-11.16,2.91E-02,45.95,,,,,
-11.15,2.92E-02,46,,,,,
-11.14,2.92E-02,46.04,,,,,
-11.13,2.92E-02,46.08,,,,,
-11.12,2.93E-02,46.12,,,,,
-11.11,2.93E-02,46.16,,,,,
-11.1,2.94E-02,46.2,,,,,
-11.09,2.94E-02,46.25,,,,,
-11.08,2.95E-02,46.29,,,,,
-11.07,2.95E-02,46.33,,,,,
-11.06,2.96E-02,46.37,,,,,
-11.05,2.96E-02,46.41,,,,,
-11.04,2.97E-02,46.46,,,,,
-11.03,2.97E-02,46.5,,,,,
-11.02,2.98E-02,46.54,,,,,
-11.01,2.98E-02,46.58,,,,,
-11,2.99E-02,46.62,,,,,
-10.99,2.99E-02,46.67,,,,,
-10.98,2.99E-02,46.71,,,,,
-10.97,3.00E-02,46.75,,,,,
-10.96,3.00E-02,46.8,,,,,
-10.95,3.01E-02,46.84,,,,,
-10.94,3.01E-02,46.88,,,,,
-10.93,3.02E-02,46.92,,,,,
-10.92,3.02E-02,46.97,,,,,
-10.91,3.03E-02,47.01,,,,,
-10.9,3.03E-02,47.05,,,,,
-10.89,3.04E-02,47.1,,,,,
-10.88,3.04E-02,47.14,,,,,
-10.87,3.05E-02,47.18,,,,,
-10.86,3.05E-02,47.23,,,,,
-10.85,3.06E-02,47.27,,,,,
-10.84,3.06E-02,47.31,,,,,
-10.83,3.07E-02,47.36,,,,,
-10.82,3.07E-02,47.4,,,,,
-10.81,3.08E-02,47.45,,,,,
-10.8,3.08E-02,47.49,,,,,
-10.79,3.09E-02,47.53,,,,,
-10.78,3.09E-02,47.58,,,,,
-10.77,3.10E-02,47.62,,,,,
-10.76,3.10E-02,47.67,,,,,
-10.75,3.11E-02,47.71,,,,,
-10.74,3.11E-02,47.76,,,,,
-10.73,3.12E-02,47.8,,,,,
-10.72,3.12E-02,47.84,,,,,
-10.71,3.13E-02,47.89,,,,,
-10.7,3.13E-02,47.93,,,,,
-10.69,3.14E-02,47.98,,,,,
-10.68,3.14E-02,48.02,,,,,
-10.67,3.15E-02,48.07,,,,,
-10.66,3.15E-02,48.11,,,,,
-10.65,3.16E-02,48.16,,,,,
-10.64,3.16E-02,48.21,,,,,
-10.63,3.17E-02,48.25,,,,,
-10.62,3.17E-02,48.3,,,,,
-10.61,3.18E-02,48.34,,,,,
-10.6,3.18E-02,48.39,,,,,
-10.59,3.19E-02,48.43,,,,,
-10.58,3.19E-02,48.48,,,,,
-10.57,3.20E-02,48.53,,,,,
-10.56,3.20E-02,48.57,,,,,
-10.55,3.21E-02,48.62,,,,,
-10.54,3.21E-02,48.66,,,,,
-10.53,3.22E-02,48.71,,,,,
-10.52,3.23E-02,48.76,,,,,
-10.51,3.23E-02,48.8,,,,,
-10.5,3.24E-02,48.85,,,,,
-10.49,3.24E-02,48.9,,,,,
-10.48,3.25E-02,48.94,,,,,
-10.47,3.25E-02,48.99,,,,,
-10.46,3.26E-02,49.04,,,,,
-10.45,3.26E-02,49.08,,,,,
-10.44,3.27E-02,49.13,,,,,
-10.43,3.27E-02,49.18,,,,,
-10.42,3.28E-02,49.22,,,,,
-10.41,3.28E-02,49.27,,,,,
-10.4,3.29E-02,49.32,,,,,
-10.39,3.30E-02,49.37,,,,,
-10.38,3.30E-02,49.42,,,,,
-10.37,3.31E-02,49.46,,,,,
-10.36,3.31E-02,49.51,,,,,
-10.35,3.32E-02,49.56,,,,,
-10.34,3.32E-02,49.61,,,,,
-10.33,3.33E-02,49.65,,,,,
-10.32,3.33E-02,49.7,,,,,
-10.31,3.34E-02,49.75,,,,,
-10.3,3.35E-02,49.8,,,,,
-10.29,3.35E-02,49.85,,,,,
-10.28,3.36E-02,49.9,,,,,
-10.27,3.36E-02,49.95,,,,,
-10.26,3.37E-02,49.99,,,,,
-10.25,3.37E-02,50.04,,,,,
-10.24,3.38E-02,50.09,,,,,
-10.23,3.38E-02,50.14,,,,,
-10.22,3.39E-02,50.19,,,,,
-10.21,3.40E-02,50.24,,,,,
-10.2,3.40E-02,50.29,,,,,
-10.19,3.41E-02,50.34,,,,,
-10.18,3.41E-02,50.39,,,,,
-10.17,3.42E-02,50.44,,,,,
-10.16,3.42E-02,50.49,,,,,
-10.15,3.43E-02,50.54,,,,,
-10.14,3.44E-02,50.59,,,,,
-10.13,3.44E-02,50.64,,,,,
-10.12,3.45E-02,50.69,,,,,
-10.11,3.45E-02,50.74,,,,,
-10.1,3.46E-02,50.79,,,,,
-10.09,3.46E-02,50.84,,,,,
-10.08,3.47E-02,50.89,,,,,
-10.07,3.48E-02,50.94,,,,,
-10.06,3.48E-02,50.99,,,,,
-10.05,3.49E-02,51.04,,,,,
-10.04,3.49E-02,51.09,,,,,
-10.03,3.50E-02,51.14,,,,,
-10.02,3.51E-02,51.19,,,,,
-10.01,3.51E-02,51.25,,,,,
-10,3.52E-02,51.3,,,,,
-9.99,3.52E-02,51.35,,,,,
-9.98,3.53E-02,51.4,,,,,
-9.97,3.54E-02,51.45,,,,,
-9.96,3.54E-02,51.5,,,,,
-9.95,3.55E-02,51.56,,,,,
-9.94,3.55E-02,51.61,,,,,
-9.93,3.56E-02,51.66,,,,,
-9.92,3.57E-02,51.71,,,,,
-9.91,3.57E-02,51.76,,,,,
-9.9,3.58E-02,51.82,,,,,
-9.89,3.59E-02,51.87,,,,,
-9.88,3.59E-02,51.92,,,,,
-9.87,3.60E-02,51.97,,,,,
-9.86,3.60E-02,52.03,,,,,
-9.85,3.61E-02,52.08,,,,,
-9.84,3.62E-02,52.13,,,,,
-9.83,3.62E-02,52.19,,,,,
-9.82,3.63E-02,52.24,,,,,
-9.81,3.63E-02,52.29,,,,,
-9.8,3.64E-02,52.35,,,,,
-9.79,3.65E-02,52.4,,,,,
-9.78,3.65E-02,52.45,,,,,
-9.77,3.66E-02,52.51,,,,,
-9.76,3.67E-02,52.56,,,,,
-9.75,3.67E-02,52.62,,,,,
-9.74,3.68E-02,52.67,,,,,
-9.73,3.69E-02,52.72,,,,,
-9.72,3.69E-02,52.78,,,,,
-9.71,3.70E-02,52.83,,,,,
-9.7,3.70E-02,52.89,,,,,
-9.69,3.71E-02,52.94,,,,,
-9.68,3.72E-02,53,,,,,
-9.67,3.72E-02,53.05,,,,,
-9.66,3.73E-02,53.11,,,,,
-9.65,3.74E-02,53.16,,,,,
-9.64,3.74E-02,53.22,,,,,
-9.63,3.75E-02,53.27,,,,,
-9.62,3.76E-02,53.33,,,,,
-9.61,3.76E-02,53.38,,,,,
-9.6,3.77E-02,53.44,,,,,
-9.59,3.78E-02,53.5,,,,,
-9.58,3.78E-02,53.55,,,,,
-9.57,3.79E-02,53.61,,,,,
-9.56,3.80E-02,53.66,,,,,
-9.55,3.80E-02,53.72,,,,,
-9.54,3.81E-02,53.78,,,,,
-9.53,3.82E-02,53.83,,,,,
-9.52,3.82E-02,53.89,,,,,
-9.51,3.83E-02,53.95,,,,,
-9.5,3.84E-02,54,,,,,
-9.49,3.84E-02,54.06,,,,,
-9.48,3.85E-02,54.12,,,,,
-9.47,3.86E-02,54.17,,,,,
-9.46,3.86E-02,54.23,,,,,
-9.45,3.87E-02,54.29,,,,,
-9.44,3.88E-02,54.35,,,,,
-9.43,3.88E-02,54.41,,,,,
-9.42,3.89E-02,54.46,,,,,
-9.41,3.90E-02,54.52,,,,,
-9.4,3.90E-02,54.58,,,,,
-9.39,3.91E-02,54.64,,,,,
-9.38,3.92E-02,54.7,,,,,
-9.37,3.93E-02,54.75,,,,,
-9.36,3.93E-02,54.81,,,,,
-9.35,3.94E-02,54.87,,,,,
-9.34,3.95E-02,54.93,,,,,
-9.33,3.95E-02,54.99,,,,,
-9.32,3.96E-02,55.05,,,,,
-9.31,3.97E-02,55.11,,,,,
-9.3,3.98E-02,55.17,,,,,
-9.29,3.98E-02,55.23,,,,,
-9.28,3.99E-02,55.29,,,,,
-9.27,4.00E-02,55.35,,,,,
-9.26,4.00E-02,55.41,,,,,
-9.25,4.01E-02,55.47,,,,,
-9.24,4.02E-02,55.53,,,,,
-9.23,4.03E-02,55.59,,,,,
-9.22,4.03E-02,55.65,,,,,
-9.21,4.04E-02,55.71,,,,,
-9.2,4.05E-02,55.77,,,,,
-9.19,4.05E-02,55.83,,,,,
-9.18,4.06E-02,55.89,,,,,
-9.17,4.07E-02,55.95,,,,,
-9.16,4.08E-02,56.01,,,,,
-9.15,4.08E-02,56.07,,,,,
-9.14,4.09E-02,56.14,,,,,
-9.13,4.10E-02,56.2,,,,,
-9.12,4.11E-02,56.26,,,,,
-9.11,4.11E-02,56.32,,,,,
-9.1,4.12E-02,56.38,,,,,
-9.09,4.13E-02,56.45,,,,,
-9.08,4.14E-02,56.51,,,,,
-9.07,4.14E-02,56.57,,,,,
-9.06,4.15E-02,56.63,,,,,
-9.05,4.16E-02,56.7,,,,,
-9.04,4.17E-02,56.76,,,,,
-9.03,4.17E-02,56.82,,,,,
-9.02,4.18E-02,56.89,,,,,
-9.01,4.19E-02,56.95,,,,,
-9,4.20E-02,57.01,,,,,
-8.99,4.20E-02,57.08,,,,,
-8.98,4.21E-02,57.14,,,,,
-8.97,4.22E-02,57.2,,,,,
-8.96,4.23E-02,57.27,,,,,
-8.95,4.24E-02,57.33,,,,,
-8.94,4.24E-02,57.4,,,,,
-8.93,4.25E-02,57.46,,,,,
-8.92,4.26E-02,57.52,,,,,
-8.91,4.27E-02,57.59,,,,,
-8.9,4.27E-02,57.65,,,,,
-8.89,4.28E-02,57.72,,,,,
-8.88,4.29E-02,57.78,,,,,
-8.87,4.30E-02,57.85,,,,,
-8.86,4.31E-02,57.92,,,,,
-8.85,4.31E-02,57.98,,,,,
-8.84,4.32E-02,58.05,,,,,
-8.83,4.33E-02,58.11,,,,,
-8.82,4.34E-02,58.18,,,,,
-8.81,4.35E-02,58.24,,,,,
-8.8,4.35E-02,58.31,,,,,
-8.79,4.36E-02,58.38,,,,,
-8.78,4.37E-02,58.44,,,,,
-8.77,4.38E-02,58.51,,,,,
-8.76,4.39E-02,58.58,,,,,
-8.75,4.39E-02,58.65,,,,,
-8.74,4.40E-02,58.71,,,,,
-8.73,4.41E-02,58.78,,,,,
-8.72,4.42E-02,58.85,,,,,
-8.71,4.43E-02,58.92,,,,,
-8.7,4.44E-02,58.98,,,,,
-8.69,4.44E-02,59.05,,,,,
-8.68,4.45E-02,59.12,,,,,
-8.67,4.46E-02,59.19,,,,,
-8.66,4.47E-02,59.26,,,,,
-8.65,4.48E-02,59.33,,,,,
-8.64,4.49E-02,59.39,,,,,
-8.63,4.49E-02,59.46,,,,,
-8.62,4.50E-02,59.53,,,,,
-8.61,4.51E-02,59.6,,,,,
-8.6,4.52E-02,59.67,,,,,
-8.59,4.53E-02,59.74,,,,,
-8.58,4.54E-02,59.81,,,,,
-8.57,4.54E-02,59.88,,,,,
-8.56,4.55E-02,59.95,,,,,
-8.55,4.56E-02,60.02,,,,,
-8.54,4.57E-02,60.09,,,,,
-8.53,4.58E-02,60.16,,,,,
-8.52,4.59E-02,60.23,,,,,
-8.51,4.60E-02,60.3,,,,,
-8.5,4.61E-02,60.38,,,,,
-8.49,4.61E-02,60.45,,,,,
-8.48,4.62E-02,60.52,,,,,
-8.47,4.63E-02,60.59,,,,,
-8.46,4.64E-02,60.66,,,,,
-8.45,4.65E-02,60.73,,,,,
-8.44,4.66E-02,60.81,,,,,
-8.43,4.67E-02,60.88,,,,,
-8.42,4.68E-02,60.95,,,,,
-8.41,4.68E-02,61.02,,,,,
-8.4,4.69E-02,61.1,,,,,
-8.39,4.70E-02,61.17,,,,,
-8.38,4.71E-02,61.24,,,,,
-8.37,4.72E-02,61.32,,,,,
-8.36,4.73E-02,61.39,,,,,
-8.35,4.74E-02,61.46,,,,,
-8.34,4.75E-02,61.54,,,,,
-8.33,4.76E-02,61.61,,,,,
-8.32,4.77E-02,61.69,,,,,
-8.31,4.78E-02,61.76,,,,,
-8.3,4.78E-02,61.84,,,,,
-8.29,4.79E-02,61.91,,,,,
-8.28,4.80E-02,61.99,,,,,
-8.27,4.81E-02,62.06,,,,,
-8.26,4.82E-02,62.14,,,,,
-8.25,4.83E-02,62.21,,,,,
-8.24,4.84E-02,62.29,,,,,
-8.23,4.85E-02,62.36,,,,,
-8.22,4.86E-02,62.44,,,,,
-8.21,4.87E-02,62.52,,,,,
-8.2,4.88E-02,62.59,,,,,
-8.19,4.89E-02,62.67,,,,,
-8.18,4.90E-02,62.75,,,,,
-8.17,4.91E-02,62.82,,,,,
-8.16,4.92E-02,62.9,,,,,
-8.15,4.93E-02,62.98,,,,,
-8.14,4.93E-02,63.06,,,,,
-8.13,4.94E-02,63.13,,,,,
-8.12,4.95E-02,63.21,,,,,
-8.11,4.96E-02,63.29,,,,,
-8.1,4.97E-02,63.37,,,,,
-8.09,4.98E-02,63.45,,,,,
-8.08,4.99E-02,63.53,,,,,
-8.07,5.00E-02,63.6,,,,,
-8.06,5.01E-02,63.68,,,,,
-8.05,5.02E-02,63.76,,,,,
-8.04,5.03E-02,63.84,,,,,
-8.03,5.04E-02,63.92,,,,,
-8.02,5.05E-02,64,,,,,
-8.01,5.06E-02,64.08,,,,,
-8,5.07E-02,64.16,,,,,
-7.99,5.08E-02,64.24,,,,,
-7.98,5.09E-02,64.32,,,,,
-7.97,5.10E-02,64.41,,,,,
-7.96,5.11E-02,64.49,,,,,
-7.95,5.12E-02,64.57,,,,,
-7.94,5.13E-02,64.65,,,,,
-7.93,5.14E-02,64.73,,,,,
-7.92,5.15E-02,64.81,,,,,
-7.91,5.16E-02,64.9,,,,,
-7.9,5.17E-02,64.98,,,,,
-7.89,5.18E-02,65.06,,,,,
-7.88,5.19E-02,65.14,,,,,
-7.87,5.20E-02,65.23,,,,,
-7.86,5.21E-02,65.31,,,,,
-7.85,5.22E-02,65.39,,,,,
-7.84,5.23E-02,65.48,,,,,
-7.83,5.24E-02,65.56,,,,,
-7.82,5.25E-02,65.65,,,,,
-7.81,5.27E-02,65.73,,,,,
-7.8,5.28E-02,65.81,,,,,
-7.79,5.29E-02,65.9,,,,,
-7.78,5.30E-02,65.98,,,,,
-7.77,5.31E-02,66.07,,,,,
-7.76,5.32E-02,66.16,,,,,
-7.75,5.33E-02,66.24,,,,,
-7.74,5.34E-02,66.33,,,,,
-7.73,5.35E-02,66.41,,,,,
-7.72,5.36E-02,66.5,,,,,
-7.71,5.37E-02,66.59,,,,,
-7.7,5.38E-02,66.67,,,,,
-7.69,5.39E-02,66.76,,,,,
-7.68,5.40E-02,66.85,,,,,
-7.67,5.41E-02,66.93,,,,,
-7.66,5.43E-02,67.02,,,,,
-7.65,5.44E-02,67.11,,,,,
-7.64,5.45E-02,67.2,,,,,
-7.63,5.46E-02,67.29,,,,,
-7.62,5.47E-02,67.38,,,,,
-7.61,5.48E-02,67.46,,,,,
-7.6,5.49E-02,67.55,,,,,
-7.59,5.50E-02,67.64,,,,,
-7.58,5.51E-02,67.73,,,,,
-7.57,5.52E-02,67.82,,,,,
-7.56,5.54E-02,67.91,,,,,
-7.55,5.55E-02,68,,,,,
-7.54,5.56E-02,68.09,,,,,
-7.53,5.57E-02,68.18,,,,,
-7.52,5.58E-02,68.28,,,,,
-7.51,5.59E-02,68.37,,,,,
-7.5,5.60E-02,68.46,,,,,
-7.49,5.62E-02,68.55,,,,,
-7.48,5.63E-02,68.64,,,,,
-7.47,5.64E-02,68.73,,,,,
-7.46,5.65E-02,68.83,,,,,
-7.45,5.66E-02,68.92,,,,,
-7.44,5.67E-02,69.01,,,,,
-7.43,5.68E-02,69.11,,,,,
-7.42,5.70E-02,69.2,,,,,
-7.41,5.71E-02,69.29,,,,,
-7.4,5.72E-02,69.39,,,,,
-7.39,5.73E-02,69.48,,,,,
-7.38,5.74E-02,69.58,,,,,
-7.37,5.75E-02,69.67,,,,,
-7.36,5.77E-02,69.77,,,,,
-7.35,5.78E-02,69.86,,,,,
-7.34,5.79E-02,69.96,,,,,
-7.33,5.80E-02,70.05,,,,,
-7.32,5.81E-02,70.15,,,,,
-7.31,5.83E-02,70.25,,,,,
-7.3,5.84E-02,70.34,,,,,
-7.29,5.85E-02,70.44,,,,,
-7.28,5.86E-02,70.54,,,,,
-7.27,5.87E-02,70.63,,,,,
-7.26,5.89E-02,70.73,,,,,
-7.25,5.90E-02,70.83,,,,,
-7.24,5.91E-02,70.93,,,,,
-7.23,5.92E-02,71.03,,,,,
-7.22,5.94E-02,71.13,,,,,
-7.21,5.95E-02,71.22,,,,,
-7.2,5.96E-02,71.32,,,,,
-7.19,5.97E-02,71.42,,,,,
-7.18,5.98E-02,71.52,,,,,
-7.17,6.00E-02,71.62,,,,,
-7.16,6.01E-02,71.72,,,,,
-7.15,6.02E-02,71.83,,,,,
-7.14,6.03E-02,71.93,,,,,
-7.13,6.05E-02,72.03,,,,,
-7.12,6.06E-02,72.13,,,,,
-7.11,6.07E-02,72.23,,,,,
-7.1,6.09E-02,72.33,,,,,
-7.09,6.10E-02,72.44,,,,,
-7.08,6.11E-02,72.54,,,,,
-7.07,6.12E-02,72.64,,,,,
-7.06,6.14E-02,72.75,,,,,
-7.05,6.15E-02,72.85,,,,,
-7.04,6.16E-02,72.95,,,,,
-7.03,6.18E-02,73.06,,,,,
-7.02,6.19E-02,73.16,,,,,
-7.01,6.20E-02,73.27,,,,,
-7,6.21E-02,73.37,,,,,
-6.99,6.23E-02,73.48,,,,,
-6.98,6.24E-02,73.58,,,,,
-6.97,6.25E-02,73.69,,,,,
-6.96,6.27E-02,73.8,,,,,
-6.95,6.28E-02,73.9,,,,,
-6.94,6.29E-02,74.01,,,,,
-6.93,6.31E-02,74.12,,,,,
-6.92,6.32E-02,74.22,,,,,
-6.91,6.33E-02,74.33,,,,,
-6.9,6.35E-02,74.44,,,,,
-6.89,6.36E-02,74.55,,,,,
-6.88,6.37E-02,74.66,,,,,
-6.87,6.39E-02,74.77,,,,,
-6.86,6.40E-02,74.88,,,,,
-6.85,6.41E-02,74.99,,,,,
-6.84,6.43E-02,75.1,,,,,
-6.83,6.44E-02,75.21,,,,,
-6.82,6.46E-02,75.32,,,,,
-6.81,6.47E-02,75.43,,,,,
-6.8,6.48E-02,75.54,,,,,
-6.79,6.50E-02,75.65,,,,,
-6.78,6.51E-02,75.77,,,,,
-6.77,6.53E-02,75.88,,,,,
-6.76,6.54E-02,75.99,,,,,
-6.75,6.55E-02,76.1,,,,,
-6.74,6.57E-02,76.22,,,,,
-6.73,6.58E-02,76.33,,,,,
-6.72,6.60E-02,76.45,,,,,
-6.71,6.61E-02,76.56,,,,,
-6.7,6.62E-02,76.68,,,,,
-6.69,6.64E-02,76.79,,,,,
-6.68,6.65E-02,76.91,,,,,
-6.67,6.67E-02,77.02,,,,,
-6.66,6.68E-02,77.14,,,,,
-6.65,6.70E-02,77.26,,,,,
-6.64,6.71E-02,77.37,,,,,
-6.63,6.72E-02,77.49,,,,,
-6.62,6.74E-02,77.61,,,,,
-6.61,6.75E-02,77.73,,,,,
-6.6,6.77E-02,77.84,,,,,
-6.59,6.78E-02,77.96,,,,,
-6.58,6.80E-02,78.08,,,,,
-6.57,6.81E-02,78.2,,,,,
-6.56,6.83E-02,78.32,,,,,
-6.55,6.84E-02,78.44,,,,,
-6.54,6.86E-02,78.56,,,,,
-6.53,6.87E-02,78.68,,,,,
-6.52,6.89E-02,78.81,,,,,
-6.51,6.90E-02,78.93,,,,,
-6.5,6.92E-02,79.05,,,,,
-6.49,6.93E-02,79.17,,,,,
-6.48,6.95E-02,79.29,,,,,
-6.47,6.96E-02,79.42,,,,,
-6.46,6.98E-02,79.54,,,,,
-6.45,6.99E-02,79.67,,,,,
-6.44,7.01E-02,79.79,,,,,
-6.43,7.02E-02,79.92,,,,,
-6.42,7.04E-02,80.04,,,,,
-6.41,7.05E-02,80.17,,,,,
-6.4,7.07E-02,80.29,,,,,
-6.39,7.08E-02,80.42,,,,,
-6.38,7.10E-02,80.55,,,,,
-6.37,7.12E-02,80.67,,,,,
-6.36,7.13E-02,80.8,,,,,
-6.35,7.15E-02,80.93,,,,,
-6.34,7.16E-02,81.06,,,,,
-6.33,7.18E-02,81.19,,,,,
-6.32,7.19E-02,81.32,,,,,
-6.31,7.21E-02,81.44,,,,,
-6.3,7.23E-02,81.57,,,,,
-6.29,7.24E-02,81.71,,,,,
-6.28,7.26E-02,81.84,,,,,
-6.27,7.27E-02,81.97,,,,,
-6.26,7.29E-02,82.1,,,,,
-6.25,7.31E-02,82.23,,,,,
-6.24,7.32E-02,82.36,,,,,
-6.23,7.34E-02,82.5,,,,,
-6.22,7.35E-02,82.63,,,,,
-6.21,7.37E-02,82.77,,,,,
-6.2,7.39E-02,82.9,,,,,
-6.19,7.40E-02,83.03,,,,,
-6.18,7.42E-02,83.17,,,,,
-6.17,7.44E-02,83.31,,,,,
-6.16,7.45E-02,83.44,,,,,
-6.15,7.47E-02,83.58,,,,,
-6.14,7.49E-02,83.72,,,,,
-6.13,7.50E-02,83.85,,,,,
-6.12,7.52E-02,83.99,,,,,
-6.11,7.54E-02,84.13,,,,,
-6.1,7.55E-02,84.27,,,,,
-6.09,7.57E-02,84.41,,,,,
-6.08,7.59E-02,84.55,,,,,
-6.07,7.60E-02,84.69,,,,,
-6.06,7.62E-02,84.83,,,,,
-6.05,7.64E-02,84.97,,,,,
-6.04,7.65E-02,85.11,,,,,
-6.03,7.67E-02,85.25,,,,,
-6.02,7.69E-02,85.4,,,,,
-6.01,7.71E-02,85.54,,,,,
-6,7.72E-02,85.68,,,,,
-5.99,7.74E-02,85.83,,,,,
-5.98,7.76E-02,85.97,,,,,
-5.97,7.78E-02,86.12,,,,,
-5.96,7.79E-02,86.26,,,,,
-5.95,7.81E-02,86.41,,,,,
-5.94,7.83E-02,86.56,,,,,
-5.93,7.85E-02,86.7,,,,,
-5.92,7.86E-02,86.85,,,,,
-5.91,7.88E-02,87,,,,,
-5.9,7.90E-02,87.15,,,,,
-5.89,7.92E-02,87.3,,,,,
-5.88,7.93E-02,87.45,,,,,
-5.87,7.95E-02,87.6,,,,,
-5.86,7.97E-02,87.75,,,,,
-5.85,7.99E-02,87.9,,,,,
-5.84,8.01E-02,88.05,,,,,
-5.83,8.02E-02,88.2,,,,,
-5.82,8.04E-02,88.35,,,,,
-5.81,8.06E-02,88.51,,,,,
-5.8,8.08E-02,88.66,,,,,
-5.79,8.10E-02,88.82,,,,,
-5.78,8.12E-02,88.97,,,,,
-5.77,8.13E-02,89.13,,,,,
-5.76,8.15E-02,89.28,,,,,
-5.75,8.17E-02,89.44,,,,,
-5.74,8.19E-02,89.6,,,,,
-5.73,8.21E-02,89.75,,,,,
-5.72,8.23E-02,89.91,,,,,
-5.71,8.25E-02,90.07,,,,,
-5.7,8.27E-02,90.23,,,,,
-5.69,8.28E-02,90.39,,,,,
-5.68,8.30E-02,90.55,,,,,
-5.67,8.32E-02,90.71,,,,,
-5.66,8.34E-02,90.87,,,,,
-5.65,8.36E-02,91.04,,,,,
-5.64,8.38E-02,91.2,,,,,
-5.63,8.40E-02,91.36,,,,,
-5.62,8.42E-02,91.53,,,,,
-5.61,8.44E-02,91.69,,,,,
-5.6,8.46E-02,91.86,,,,,
-5.59,8.48E-02,92.02,,,,,
-5.58,8.49E-02,92.19,,,,,
-5.57,8.51E-02,92.35,,,,,
-5.56,8.53E-02,92.52,,,,,
-5.55,8.55E-02,92.69,,,,,
-5.54,8.57E-02,92.86,,,,,
-5.53,8.59E-02,93.03,,,,,
-5.52,8.61E-02,93.2,,,,,
-5.51,8.63E-02,93.37,,,,,
-5.5,8.65E-02,93.54,,,,,
-5.49,8.67E-02,93.71,,,,,
-5.48,8.69E-02,93.89,,,,,
-5.47,8.71E-02,94.06,,,,,
-5.46,8.73E-02,94.23,,,,,
-5.45,8.75E-02,94.41,,,,,
-5.44,8.77E-02,94.58,,,,,
-5.43,8.79E-02,94.76,,,,,
-5.42,8.81E-02,94.93,,,,,
-5.41,8.83E-02,95.11,,,,,
-5.4,8.85E-02,95.29,,,,,
-5.39,8.87E-02,95.47,,,,,
-5.38,8.90E-02,95.65,,,,,
-5.37,8.92E-02,95.83,,,,,
-5.36,8.94E-02,96.01,,,,,
-5.35,8.96E-02,96.19,,,,,
-5.34,8.98E-02,96.37,,,,,
-5.33,9.00E-02,96.55,,,,,
-5.32,9.02E-02,96.74,,,,,
-5.31,9.04E-02,96.92,,,,,
-5.3,9.06E-02,97.11,,,,,
-5.29,9.08E-02,97.29,,,,,
-5.28,9.10E-02,97.48,,,,,
-5.27,9.13E-02,97.66,,,,,
-5.26,9.15E-02,97.85,,,,,
-5.25,9.17E-02,98.04,,,,,
-5.24,9.19E-02,98.23,,,,,
-5.23,9.21E-02,98.42,,,,,
-5.22,9.23E-02,98.61,,,,,
-5.21,9.25E-02,98.8,,,,,
-5.2,9.28E-02,98.99,,,,,
-5.19,9.30E-02,99.19,,,,,
-5.18,9.32E-02,99.38,,,,,
-5.17,9.34E-02,99.57,,,,,
-5.16,9.36E-02,99.77,,,,,
-5.15,9.38E-02,99.96,,,,,
-5.14,9.41E-02,100.2,,,,,
-5.13,9.43E-02,100.4,,,,,
-5.12,9.45E-02,100.6,,,,,
-5.11,9.47E-02,100.8,,,,,
-5.1,9.49E-02,101,,,,,
-5.09,9.52E-02,101.2,,,,,
-5.08,9.54E-02,101.4,,,,,
-5.07,9.56E-02,101.6,,,,,
-5.06,9.58E-02,101.8,,,,,
-5.05,9.61E-02,102,,,,,
-5.04,9.63E-02,102.2,,,,,
-5.03,9.65E-02,102.4,,,,,
-5.02,9.67E-02,102.6,,,,,
-5.01,9.70E-02,102.8,,,,,
-5,9.72E-02,103,,,,,
-4.99,9.74E-02,103.2,,,,,
-4.98,9.77E-02,103.4,,,,,
-4.97,9.79E-02,103.6,,,,,
-4.96,9.81E-02,103.8,,,,,
-4.95,9.84E-02,104.1,,,,,
-4.94,9.86E-02,104.3,,,,,
-4.93,9.88E-02,104.5,,,,,
-4.92,9.90E-02,104.7,,,,,
-4.91,9.93E-02,104.9,,,,,
-4.9,9.95E-02,105.1,,,,,
-4.89,9.98E-02,105.3,,,,,
-4.88,1.00E-01,105.6,,,,,
-4.87,1.00E-01,105.8,,,,,
-4.86,1.01E-01,106,,,,,
-4.85,1.01E-01,106.2,,,,,
-4.84,1.01E-01,106.4,,,,,
-4.83,1.01E-01,106.7,,,,,
-4.82,1.01E-01,106.9,,,,,
-4.81,1.02E-01,107.1,,,,,
-4.8,1.02E-01,107.3,,,,,
-4.79,1.02E-01,107.6,,,,,
-4.78,1.02E-01,107.8,,,,,
-4.77,1.03E-01,108,,,,,
-4.76,1.03E-01,108.3,,,,,
-4.75,1.03E-01,108.5,,,,,
-4.74,1.03E-01,108.7,,,,,
-4.73,1.04E-01,109,,,,,
-4.72,1.04E-01,109.2,,,,,
-4.71,1.04E-01,109.4,,,,,
-4.7,1.04E-01,109.7,,,,,
-4.69,1.05E-01,109.9,,,,,
-4.68,1.05E-01,110.1,,,,,
-4.67,1.05E-01,110.4,,,,,
-4.66,1.05E-01,110.6,,,,,
-4.65,1.06E-01,110.9,,,,,
-4.64,1.06E-01,111.1,,,,,
-4.63,1.06E-01,111.3,,,,,
-4.62,1.06E-01,111.6,,,,,
-4.61,1.07E-01,111.8,,,,,
-4.6,1.07E-01,112.1,,,,,
-4.59,1.07E-01,112.3,,,,,
-4.58,1.07E-01,112.6,,,,,
-4.57,1.08E-01,112.8,,,,,
-4.56,1.08E-01,113.1,,,,,
-4.55,1.08E-01,113.3,,,,,
-4.54,1.08E-01,113.6,,,,,
-4.53,1.09E-01,113.8,,,,,
-4.52,1.09E-01,114.1,,,,,
-4.51,1.09E-01,114.4,,,,,
-4.5,1.09E-01,114.6,,,,,
-4.49,1.10E-01,114.9,,,,,
-4.48,1.10E-01,115.1,,,,,
-4.47,1.10E-01,115.4,,,,,
-4.46,1.11E-01,115.7,,,,,
-4.45,1.11E-01,115.9,,,,,
-4.44,1.11E-01,116.2,,,,,
-4.43,1.11E-01,116.4,,,,,
-4.42,1.12E-01,116.7,,,,,
-4.41,1.12E-01,117,,,,,
-4.4,1.12E-01,117.3,,,,,
-4.39,1.12E-01,117.5,,,,,
-4.38,1.13E-01,117.8,,,,,
-4.37,1.13E-01,118.1,,,,,
-4.36,1.13E-01,118.3,,,,,
-4.35,1.13E-01,118.6,,,,,
-4.34,1.14E-01,118.9,,,,,
-4.33,1.14E-01,119.2,,,,,
-4.32,1.14E-01,119.5,,,,,
-4.31,1.15E-01,119.7,,,,,
-4.3,1.15E-01,120,,,,,
-4.29,1.15E-01,120.3,,,,,
-4.28,1.15E-01,120.6,,,,,
-4.27,1.16E-01,120.9,,,,,
-4.26,1.16E-01,121.2,,,,,
-4.25,1.16E-01,121.5,,,,,
-4.24,1.16E-01,121.8,,,,,
-4.23,1.17E-01,122.1,,,,,
-4.22,1.17E-01,122.3,,,,,
-4.21,1.17E-01,122.6,,,,,
-4.2,1.18E-01,122.9,,,,,
-4.19,1.18E-01,123.2,,,,,
-4.18,1.18E-01,123.5,,,,,
-4.17,1.18E-01,123.8,,,,,
-4.16,1.19E-01,124.1,,,,,
-4.15,1.19E-01,124.5,,,,,
-4.14,1.19E-01,124.8,,,,,
-4.13,1.20E-01,125.1,,,,,
-4.12,1.20E-01,125.4,,,,,
-4.11,1.20E-01,125.7,,,,,
-4.1,1.20E-01,126,,,,,
-4.09,1.21E-01,126.3,,,,,
-4.08,1.21E-01,126.6,,,,,
-4.07,1.21E-01,126.9,,,,,
-4.06,1.22E-01,127.3,,,,,
-4.05,1.22E-01,127.6,,,,,
-4.04,1.22E-01,127.9,,,,,
-4.03,1.22E-01,128.2,,,,,
-4.02,1.23E-01,128.6,,,,,
-4.01,1.23E-01,128.9,,,,,
-4,1.23E-01,129.2,,,,,
-3.99,1.24E-01,129.5,,,,,
-3.98,1.24E-01,129.9,,,,,
-3.97,1.24E-01,130.2,,,,,
-3.96,1.24E-01,130.6,,,,,
-3.95,1.25E-01,130.9,,,,,
-3.94,1.25E-01,131.2,,,,,
-3.93,1.25E-01,131.6,,,,,
-3.92,1.26E-01,131.9,,,,,
-3.91,1.26E-01,132.3,,,,,
-3.9,1.26E-01,132.6,,,,,
-3.89,1.27E-01,133,,,,,
-3.88,1.27E-01,133.3,,,,,
-3.87,1.27E-01,133.7,,,,,
-3.86,1.27E-01,134,,,,,
-3.85,1.28E-01,134.4,,,,,
-3.84,1.28E-01,134.7,,,,,
-3.83,1.28E-01,135.1,,,,,
-3.82,1.29E-01,135.5,,,,,
-3.81,1.29E-01,135.8,,,,,
-3.8,1.29E-01,136.2,,,,,
-3.79,1.30E-01,136.6,,,,,
-3.78,1.30E-01,136.9,,,,,
-3.77,1.30E-01,137.3,,,,,
-3.76,1.31E-01,137.7,,,,,
-3.75,1.31E-01,138,,,,,
-3.74,1.31E-01,138.4,,,,,
-3.73,1.31E-01,138.8,,,,,
-3.72,1.32E-01,139.2,,,,,
-3.71,1.32E-01,139.6,,,,,
-3.7,1.32E-01,140,,,,,
-3.69,1.33E-01,140.4,,,,,
-3.68,1.33E-01,140.7,,,,,
-3.67,1.33E-01,141.1,,,,,
-3.66,1.34E-01,141.5,,,,,
-3.65,1.34E-01,141.9,,,,,
-3.64,1.34E-01,142.3,,,,,
-3.63,1.35E-01,142.7,,,,,
-3.62,1.35E-01,143.1,,,,,
-3.61,1.35E-01,143.6,,,,,
-3.6,1.36E-01,144,,,,,
-3.59,1.36E-01,144.4,,,,,
-3.58,1.36E-01,144.8,,,,,
-3.57,1.37E-01,145.2,,,,,
-3.56,1.37E-01,145.6,,,,,
-3.55,1.37E-01,146.1,,,,,
-3.54,1.38E-01,146.5,,,,,
-3.53,1.38E-01,146.9,,,,,
-3.52,1.38E-01,147.3,,,,,
-3.51,1.38E-01,147.8,,,,,
-3.5,1.39E-01,148.2,,,,,
-3.49,1.39E-01,148.6,,,,,
-3.48,1.39E-01,149.1,,,,,
-3.47,1.40E-01,149.5,,,,,
-3.46,1.40E-01,150,,,,,
-3.45,1.40E-01,150.4,,,,,
-3.44,1.41E-01,150.9,,,,,
-3.43,1.41E-01,151.3,,,,,
-3.42,1.41E-01,151.8,,,,,
-3.41,1.42E-01,152.3,,,,,
-3.4,1.42E-01,152.7,,,,,
-3.39,1.42E-01,153.2,,,,,
-3.38,1.43E-01,153.7,,,,,
-3.37,1.43E-01,154.1,,,,,
-3.36,1.43E-01,154.6,,,,,
-3.35,1.44E-01,155.1,,,,,
-3.34,1.44E-01,155.6,,,,,
-3.33,1.44E-01,156.1,,,,,
-3.32,1.45E-01,156.5,,,,,
-3.31,1.45E-01,157,,,,,
-3.3,1.45E-01,157.5,,,,,
-3.29,1.46E-01,158,,,,,
-3.28,1.46E-01,158.5,,,,,
-3.27,1.46E-01,159,,,,,
-3.26,1.47E-01,159.5,,,,,
-3.25,1.47E-01,160,,,,,
-3.24,1.47E-01,160.6,,,,,
-3.23,1.48E-01,161.1,,,,,
-3.22,1.48E-01,161.6,,,,,
-3.21,1.48E-01,162.1,,,,,
-3.2,1.49E-01,162.7,,,,,
-3.19,1.49E-01,163.2,,,,,
-3.18,1.49E-01,163.7,,,,,
-3.17,1.50E-01,164.3,,,,,
-3.16,1.50E-01,164.8,,,,,
-3.15,1.51E-01,165.4,,,,,
-3.14,1.51E-01,165.9,,,,,
-3.13,1.51E-01,166.5,,,,,
-3.12,1.52E-01,167,,,,,
-3.11,1.52E-01,167.6,,,,,
-3.1,1.52E-01,168.1,,,,,
-3.09,1.53E-01,168.7,,,,,
-3.08,1.53E-01,169.3,,,,,
-3.07,1.53E-01,169.9,,,,,
-3.06,1.54E-01,170.5,,,,,
-3.05,1.54E-01,171,,,,,
-3.04,1.54E-01,171.6,,,,,
-3.03,1.55E-01,172.2,,,,,
-3.02,1.55E-01,172.8,,,,,
-3.01,1.55E-01,173.4,,,,,
-3,1.56E-01,174,,,,,
-2.99,1.56E-01,174.7,,,,,
-2.98,1.56E-01,175.3,,,,,
-2.97,1.57E-01,175.9,,,,,
-2.96,1.57E-01,176.5,,,,,
-2.95,1.57E-01,177.2,,,,,
-2.94,1.58E-01,177.8,,,,,
-2.93,1.58E-01,178.4,,,,,
-2.92,1.59E-01,179.1,,,,,
-2.91,1.59E-01,179.8,,,,,
-2.9,1.59E-01,180.4,,,,,
-2.89,1.60E-01,181.1,,,,,
-2.88,1.60E-01,181.7,,,,,
-2.87,1.60E-01,182.4,,,,,
-2.86,1.61E-01,183.1,,,,,
-2.85,1.61E-01,183.8,,,,,
-2.84,1.61E-01,184.5,,,,,
-2.83,1.62E-01,185.2,,,,,
-2.82,1.62E-01,185.9,,,,,
-2.81,1.62E-01,186.6,,,,,
-2.8,1.63E-01,187.3,,,,,
-2.79,1.63E-01,188,,,,,
-2.78,1.63E-01,188.7,,,,,
-2.77,1.64E-01,189.5,,,,,
-2.76,1.64E-01,190.2,,,,,
-2.75,1.64E-01,191,,,,,
-2.74,1.65E-01,191.7,,,,,
-2.73,1.65E-01,192.5,,,,,
-2.72,1.66E-01,193.2,,,,,
-2.71,1.66E-01,194,,,,,
-2.7,1.66E-01,194.8,,,,,
-2.69,1.67E-01,195.6,,,,,
-2.68,1.67E-01,196.3,,,,,
-2.67,1.67E-01,197.1,,,,,
-2.66,1.68E-01,198,,,,,
-2.65,1.68E-01,198.8,,,,,
-2.64,1.68E-01,199.6,,,,,
-2.63,1.69E-01,200.4,,,,,
-2.62,1.69E-01,201.3,,,,,
-2.61,1.69E-01,202.1,,,,,
-2.6,1.70E-01,203,,,,,
-2.59,1.70E-01,203.8,,,,,
-2.58,1.70E-01,204.7,,,,,
-2.57,1.71E-01,205.6,,,,,
-2.56,1.71E-01,206.4,,,,,
-2.55,1.72E-01,207.3,,,,,
-2.54,1.72E-01,208.2,,,,,
-2.53,1.72E-01,209.2,,,,,
-2.52,1.73E-01,210.1,,,,,
-2.51,1.73E-01,211,,,,,
-2.5,1.73E-01,212,,,,,
-2.49,1.74E-01,212.9,,,,,
-2.48,1.74E-01,213.9,,,,,
-2.47,1.74E-01,214.8,,,,,
-2.46,1.75E-01,215.8,,,,,
-2.45,1.75E-01,216.8,,,,,
-2.44,1.75E-01,217.8,,,,,
-2.43,1.76E-01,218.8,,,,,
-2.42,1.76E-01,219.9,,,,,
-2.41,1.76E-01,220.9,,,,,
-2.4,1.77E-01,222,,,,,
-2.39,1.77E-01,223,,,,,
-2.38,1.77E-01,224.1,,,,,
-2.37,1.78E-01,225.2,,,,,
-2.36,1.78E-01,226.3,,,,,
-2.35,1.78E-01,227.4,,,,,
-2.34,1.79E-01,228.5,,,,,
-2.33,1.79E-01,229.7,,,,,
-2.32,1.79E-01,230.8,,,,,
-2.31,1.80E-01,232,,,,,
-2.3,1.80E-01,233.2,,,,,
-2.29,1.80E-01,234.4,,,,,
-2.28,1.80E-01,235.6,,,,,
-2.27,1.81E-01,236.9,,,,,
-2.26,1.81E-01,238.1,,,,,
-2.25,1.81E-01,239.4,,,,,
-2.24,1.82E-01,240.7,,,,,
-2.23,1.82E-01,242,,,,,
-2.22,1.82E-01,243.3,,,,,
-2.21,1.83E-01,244.7,,,,,
-2.2,1.83E-01,246,,,,,
-2.19,1.83E-01,247.4,,,,,
-2.18,1.83E-01,248.8,,,,,
-2.17,1.84E-01,250.3,,,,,
-2.16,1.84E-01,251.7,,,,,
-2.15,1.84E-01,253.2,,,,,
-2.14,1.84E-01,254.8,,,,,
-2.13,1.85E-01,256.3,,,,,
-2.12,1.85E-01,257.9,,,,,
-2.11,1.85E-01,259.5,,,,,
-2.1,1.85E-01,261.1,,,,,
-2.09,1.85E-01,262.8,,,,,
-2.08,1.86E-01,264.5,,,,,
-2.07,1.86E-01,266.2,,,,,
-2.06,1.86E-01,268,,,,,
-2.05,1.86E-01,269.8,,,,,
-2.04,1.86E-01,271.6,,,,,
-2.03,1.86E-01,273.5,,,,,
-2.02,1.86E-01,275.5,,,,,
-2.01,1.86E-01,277.5,,,,,
-2,1.86E-01,279.5,,,,,
-1.99,1.86E-01,281.6,,,,,
-1.98,1.86E-01,283.8,,,,,
-1.97,1.86E-01,286,,,,,
-1.96,1.86E-01,288.3,,,,,
-1.95,1.86E-01,290.7,,,,,
-1.94,1.86E-01,293.1,,,,,
-1.93,1.86E-01,295.7,,,,,
-1.92,1.85E-01,298.3,,,,,
-1.91,1.85E-01,301.1,,,,,
-1.9,1.85E-01,303.9,,,,,
-1.89,1.84E-01,306.9,,,,,
-1.88,1.83E-01,310,,,,,
-1.87,1.83E-01,313.2,,,,,
-1.86,1.82E-01,316.7,,,,,
-1.85,1.81E-01,320.3,,,,,
-1.84,1.79E-01,324.1,,,,,
-1.83,1.78E-01,328.1,,,,,
-1.82,1.76E-01,332.5,,,,,
-1.81,1.74E-01,337.1,,,,,
-1.8,1.72E-01,342.1,,,,,
-1.79,1.69E-01,347.5,,,,,
-1.78,1.66E-01,353.4,,,,,
-1.77,1.62E-01,359.9,,,,,
-1.76,1.57E-01,367.2,,,,,
-1.75,1.52E-01,375.2,,,,,
-1.74,1.45E-01,384.4,,,,,
-1.73,1.37E-01,394.9,,,,,
-1.72,1.27E-01,407.2,,,,,
-1.71,1.14E-01,421.9,,,,,
-1.7,9.90E-02,439.8,,,,,
-1.69,8.06E-02,462.4,,,,,
-1.68,5.88E-02,492.2,,,,,
-1.67,3.47E-02,534,,,,,
-1.66,1.24E-02,598.2,,,,,
-1.65,8.07E-04,716.1,,,,,
-1.64,3.00E-06,1.08E+03,,,,,
-1.63,1.06E+03,2.47E+03,,,,,
-1.62,372.7,625.9,,,,,
-1.61,918.4,-392.8,,,,,
-1.6,325,3.933,,,,,
-1.59,499.9,-6.078,,,,,
-1.58,219.6,-54.84,,,,,
-1.57,75.86,-133.5,,,,,
-1.56,9.31E-11,-7.015,,,,,
-1.55,9.26E-04,78.14,,,,,
-1.54,1.13E-02,123.3,,,,,
-1.53,3.06E-02,153.8,,,,,
-1.52,5.23E-02,176.7,,,,,
-1.51,7.26E-02,194.8,,,,,
-1.5,9.04E-02,209.6,,,,,
-1.49,1.06E-01,222.1,,,,,
-1.48,1.18E-01,233,,,,,
-1.47,1.29E-01,242.6,,,,,
-1.46,1.38E-01,251.2,,,,,
-1.45,1.46E-01,259,,,,,
-1.44,1.53E-01,266.2,,,,,
-1.43,1.58E-01,272.8,,,,,
-1.42,1.63E-01,279,,,,,
-1.41,1.68E-01,284.9,,,,,
-1.4,1.72E-01,290.4,,,,,
-1.39,1.75E-01,295.7,,,,,
-1.38,1.78E-01,300.8,,,,,
-1.37,1.81E-01,305.7,,,,,
-1.36,1.83E-01,310.5,,,,,
-1.35,1.85E-01,315.2,,,,,
-1.34,1.88E-01,319.7,,,,,
-1.33,1.89E-01,324.1,,,,,
-1.32,1.91E-01,328.5,,,,,
-1.31,1.93E-01,332.8,,,,,
-1.3,1.94E-01,337,,,,,
-1.29,1.95E-01,341.2,,,,,
-1.28,1.97E-01,345.4,,,,,
-1.27,1.98E-01,349.5,,,,,
-1.26,1.99E-01,353.7,,,,,
-1.25,2.00E-01,357.8,,,,,
-1.24,2.01E-01,361.9,,,,,
-1.23,2.02E-01,366,,,,,
-1.22,2.03E-01,370.1,,,,,
-1.21,2.04E-01,374.2,,,,,
-1.2,2.05E-01,378.4,,,,,
-1.19,2.05E-01,382.6,,,,,
-1.18,2.06E-01,386.7,,,,,
-1.17,2.07E-01,390.9,,,,,
-1.16,2.07E-01,395.2,,,,,
-1.15,2.08E-01,399.5,,,,,
-1.14,2.09E-01,403.8,,,,,
-1.13,2.09E-01,408.1,,,,,
-1.12,2.10E-01,412.5,,,,,
-1.11,2.10E-01,417,,,,,
-1.1,2.11E-01,421.5,,,,,
-1.09,2.11E-01,426,,,,,
-1.08,2.12E-01,430.6,,,,,
-1.07,2.12E-01,435.3,,,,,
-1.06,2.13E-01,440,,,,,
-1.05,2.13E-01,444.8,,,,,
-1.04,2.14E-01,449.7,,,,,
-1.03,2.14E-01,454.6,,,,,
-1.02,2.15E-01,459.6,,,,,
-1.01,2.15E-01,464.7,,,,,
-1,2.16E-01,469.9,,,,,
-0.99,2.16E-01,475.2,,,,,
-0.98,2.16E-01,480.5,,,,,
-0.97,2.17E-01,486,,,,,
-0.96,2.17E-01,491.5,,,,,
-0.95,2.18E-01,497.2,,,,,
-0.94,2.18E-01,502.9,,,,,
-0.93,2.18E-01,508.8,,,,,
-0.92,2.19E-01,514.7,,,,,
-0.91,2.19E-01,520.8,,,,,
-0.9,2.19E-01,527,,,,,
-0.89,2.20E-01,533.4,,,,,
-0.88,2.20E-01,539.8,,,,,
-0.87,2.20E-01,546.4,,,,,
-0.86,2.20E-01,553.2,,,,,
-0.85,2.21E-01,560.1,,,,,
-0.84,2.21E-01,567.1,,,,,
-0.83,2.21E-01,574.3,,,,,
-0.82,2.22E-01,581.7,,,,,
-0.81,2.22E-01,589.2,,,,,
-0.8,2.22E-01,597,,,,,
-0.79,2.22E-01,604.9,,,,,
-0.78,2.23E-01,612.9,,,,,
-0.77,2.23E-01,621.2,,,,,
-0.76,2.23E-01,629.7,,,,,
-0.75,2.24E-01,638.5,,,,,
-0.74,2.24E-01,647.4,,,,,
-0.73,2.24E-01,656.6,,,,,
-0.72,2.24E-01,666,,,,,
-0.71,2.24E-01,675.7,,,,,
-0.7,2.25E-01,685.7,,,,,
-0.69,2.25E-01,695.9,,,,,
-0.68,2.25E-01,706.4,,,,,
-0.67,2.25E-01,717.3,,,,,
-0.66,2.26E-01,728.4,,,,,
-0.65,2.26E-01,739.9,,,,,
-0.64,2.26E-01,751.8,,,,,
-0.63,2.26E-01,764,,,,,
-0.62,2.26E-01,776.6,,,,,
-0.61,2.27E-01,789.6,,,,,
-0.6,2.27E-01,803,,,,,
-0.59,2.27E-01,816.9,,,,,
-0.58,2.27E-01,831.2,,,,,
-0.57,2.27E-01,846.1,,,,,
-0.56,2.28E-01,861.4,,,,,
-0.55,2.28E-01,877.3,,,,,
-0.54,2.28E-01,893.8,,,,,
-0.53,2.28E-01,911,,,,,
-0.52,2.28E-01,928.7,,,,,
-0.51,2.28E-01,947.2,,,,,
-0.5,2.29E-01,966.4,,,,,
-0.49,2.29E-01,986.3,,,,,
-0.48,2.29E-01,1.01E+03,,,,,
-0.47,2.29E-01,1.03E+03,,,,,
-0.46,2.29E-01,1.05E+03,,,,,
-0.45,2.29E-01,1.08E+03,,,,,
-0.44,2.29E-01,1.10E+03,,,,,
-0.43,2.30E-01,1.13E+03,,,,,
-0.42,2.30E-01,1.15E+03,,,,,
-0.41,2.30E-01,1.18E+03,,,,,
-0.4,2.30E-01,1.21E+03,,,,,
-0.39,2.30E-01,1.24E+03,,,,,
-0.38,2.30E-01,1.28E+03,,,,,
-0.37,2.30E-01,1.31E+03,,,,,
-0.36,2.30E-01,1.35E+03,,,,,
-0.35,2.31E-01,1.39E+03,,,,,
-0.34,2.31E-01,1.43E+03,,,,,
-0.33,2.31E-01,1.47E+03,,,,,
-0.32,2.31E-01,1.52E+03,,,,,
-0.31,2.31E-01,1.56E+03,,,,,
-0.3,2.31E-01,1.62E+03,,,,,
-0.29,2.31E-01,1.67E+03,,,,,
-0.28,2.31E-01,1.73E+03,,,,,
-0.27,2.31E-01,1.80E+03,,,,,
-0.26,2.31E-01,1.87E+03,,,,,
-0.25,2.32E-01,1.94E+03,,,,,
-0.24,2.32E-01,2.02E+03,,,,,
-0.23,2.32E-01,2.11E+03,,,,,
-0.22,2.32E-01,2.21E+03,,,,,
-0.21,2.32E-01,2.31E+03,,,,,
-0.2,2.32E-01,2.43E+03,,,,,
-0.19,2.32E-01,2.56E+03,,,,,
-0.18,2.32E-01,2.70E+03,,,,,
-0.17,2.32E-01,2.86E+03,,,,,
-0.16,2.32E-01,3.04E+03,,,,,
-0.15,2.32E-01,3.24E+03,,,,,
-0.14,2.32E-01,3.47E+03,,,,,
-0.13,2.32E-01,3.74E+03,,,,,
-0.12,2.32E-01,4.05E+03,,,,,
-0.11,2.32E-01,4.42E+03,,,,,
-0.1,2.32E-01,4.86E+03,,,,,
-0.09,2.32E-01,5.40E+03,,,,,
-0.08,2.32E-01,6.07E+03,,,,,
-0.07,2.32E-01,6.94E+03,,,,,
-0.06,2.32E-01,8.10E+03,,,,,
-0.05,2.33E-01,9.72E+03,,,,,
-0.04,2.33E-01,1.22E+04,,,,,
-0.03,2.33E-01,1.62E+04,,,,,
-0.02,2.33E-01,2.43E+04,,,,,
-0.01,2.35E-01,4.86E+04,,,,,
0,8.67E+11,0,,,,,
0.01,2.35E-01,-4.86E+04,,,,,
0.02,2.33E-01,-2.43E+04,,,,,
0.03,2.33E-01,-1.62E+04,,,,,
0.04,2.33E-01,-1.22E+04,,,,,
0.05,2.33E-01,-9.72E+03,,,,,
0.06,2.32E-01,-8.10E+03,,,,,
0.07,2.32E-01,-6.94E+03,,,,,
0.08,2.32E-01,-6.07E+03,,,,,
0.09,2.32E-01,-5.40E+03,,,,,
0.1,2.32E-01,-4.86E+03,,,,,
0.11,2.32E-01,-4.42E+03,,,,,
0.12,2.32E-01,-4.05E+03,,,,,
0.13,2.32E-01,-3.74E+03,,,,,
0.14,2.32E-01,-3.47E+03,,,,,
0.15,2.32E-01,-3.24E+03,,,,,
0.16,2.32E-01,-3.04E+03,,,,,
0.17,2.32E-01,-2.86E+03,,,,,
0.18,2.32E-01,-2.70E+03,,,,,
0.19,2.32E-01,-2.56E+03,,,,,
0.2,2.32E-01,-2.43E+03,,,,,
0.21,2.32E-01,-2.31E+03,,,,,
0.22,2.32E-01,-2.21E+03,,,,,
0.23,2.32E-01,-2.11E+03,,,,,
0.24,2.32E-01,-2.02E+03,,,,,
0.25,2.32E-01,-1.94E+03,,,,,
0.26,2.31E-01,-1.87E+03,,,,,
0.27,2.31E-01,-1.80E+03,,,,,
0.28,2.31E-01,-1.73E+03,,,,,
0.29,2.31E-01,-1.67E+03,,,,,
0.3,2.31E-01,-1.62E+03,,,,,
0.31,2.31E-01,-1.56E+03,,,,,
0.32,2.31E-01,-1.52E+03,,,,,
0.33,2.31E-01,-1.47E+03,,,,,
0.34,2.31E-01,-1.43E+03,,,,,
0.35,2.31E-01,-1.39E+03,,,,,
0.36,2.30E-01,-1.35E+03,,,,,
0.37,2.30E-01,-1.31E+03,,,,,
0.38,2.30E-01,-1.28E+03,,,,,
0.39,2.30E-01,-1.24E+03,,,,,
0.4,2.30E-01,-1.21E+03,,,,,
0.41,2.30E-01,-1.18E+03,,,,,
0.42,2.30E-01,-1.15E+03,,,,,
0.43,2.30E-01,-1.13E+03,,,,,
0.44,2.29E-01,-1.10E+03,,,,,
0.45,2.29E-01,-1.08E+03,,,,,
0.46,2.29E-01,-1.05E+03,,,,,
0.47,2.29E-01,-1.03E+03,,,,,
0.48,2.29E-01,-1.01E+03,,,,,
0.49,2.29E-01,-986.3,,,,,
0.5,2.29E-01,-966.4,,,,,
0.51,2.28E-01,-947.2,,,,,
0.52,2.28E-01,-928.7,,,,,
0.53,2.28E-01,-911,,,,,
0.54,2.28E-01,-893.8,,,,,
0.55,2.28E-01,-877.3,,,,,
0.56,2.28E-01,-861.4,,,,,
0.57,2.27E-01,-846.1,,,,,
0.58,2.27E-01,-831.2,,,,,
0.59,2.27E-01,-816.9,,,,,
0.6,2.27E-01,-803,,,,,
0.61,2.27E-01,-789.6,,,,,
0.62,2.26E-01,-776.6,,,,,
0.63,2.26E-01,-764,,,,,
0.64,2.26E-01,-751.8,,,,,
0.65,2.26E-01,-739.9,,,,,
0.66,2.26E-01,-728.4,,,,,
0.67,2.25E-01,-717.3,,,,,
0.68,2.25E-01,-706.4,,,,,
0.69,2.25E-01,-695.9,,,,,
0.7,2.25E-01,-685.7,,,,,
0.71,2.24E-01,-675.7,,,,,
0.72,2.24E-01,-666,,,,,
0.73,2.24E-01,-656.6,,,,,
0.74,2.24E-01,-647.4,,,,,
0.75,2.24E-01,-638.5,,,,,
0.76,2.23E-01,-629.7,,,,,
0.77,2.23E-01,-621.2,,,,,
0.78,2.23E-01,-612.9,,,,,
0.79,2.22E-01,-604.9,,,,,
0.8,2.22E-01,-597,,,,,
0.81,2.22E-01,-589.2,,,,,
0.82,2.22E-01,-581.7,,,,,
0.83,2.21E-01,-574.3,,,,,
0.84,2.21E-01,-567.1,,,,,
0.85,2.21E-01,-560.1,,,,,
0.86,2.20E-01,-553.2,,,,,
0.87,2.20E-01,-546.4,,,,,
0.88,2.20E-01,-539.8,,,,,
0.89,2.20E-01,-533.4,,,,,
0.9,2.19E-01,-527,,,,,
0.91,2.19E-01,-520.8,,,,,
0.92,2.19E-01,-514.7,,,,,
0.93,2.18E-01,-508.8,,,,,
0.94,2.18E-01,-502.9,,,,,
0.95,2.18E-01,-497.2,,,,,
0.96,2.17E-01,-491.5,,,,,
0.97,2.17E-01,-486,,,,,
0.98,2.16E-01,-480.5,,,,,
0.99,2.16E-01,-475.2,,,,,
1,2.16E-01,-469.9,,,,,
1.01,2.15E-01,-464.7,,,,,
1.02,2.15E-01,-459.6,,,,,
1.03,2.14E-01,-454.6,,,,,
1.04,2.14E-01,-449.7,,,,,
1.05,2.13E-01,-444.8,,,,,
1.06,2.13E-01,-440,,,,,
1.07,2.12E-01,-435.3,,,,,
1.08,2.12E-01,-430.6,,,,,
1.09,2.11E-01,-426,,,,,
1.1,2.11E-01,-421.5,,,,,
1.11,2.10E-01,-417,,,,,
1.12,2.10E-01,-412.5,,,,,
1.13,2.09E-01,-408.1,,,,,
1.14,2.09E-01,-403.8,,,,,
1.15,2.08E-01,-399.5,,,,,
1.16,2.07E-01,-395.2,,,,,
1.17,2.07E-01,-390.9,,,,,
1.18,2.06E-01,-386.7,,,,,
1.19,2.05E-01,-382.6,,,,,
1.2,2.05E-01,-378.4,,,,,
1.21,2.04E-01,-374.2,,,,,
1.22,2.03E-01,-370.1,,,,,
1.23,2.02E-01,-366,,,,,
1.24,2.01E-01,-361.9,,,,,
1.25,2.00E-01,-357.8,,,,,
1.26,1.99E-01,-353.7,,,,,
1.27,1.98E-01,-349.5,,,,,
1.28,1.97E-01,-345.4,,,,,
1.29,1.95E-01,-341.2,,,,,
1.3,1.94E-01,-337,,,,,
1.31,1.93E-01,-332.8,,,,,
1.32,1.91E-01,-328.5,,,,,
1.33,1.89E-01,-324.1,,,,,
1.34,1.88E-01,-319.7,,,,,
1.35,1.85E-01,-315.2,,,,,
1.36,1.83E-01,-310.5,,,,,
1.37,1.81E-01,-305.7,,,,,
1.38,1.78E-01,-300.8,,,,,
1.39,1.75E-01,-295.7,,,,,
1.4,1.72E-01,-290.4,,,,,
1.41,1.68E-01,-284.9,,,,,
1.42,1.63E-01,-279,,,,,
1.43,1.58E-01,-272.8,,,,,
1.44,1.53E-01,-266.2,,,,,
1.45,1.46E-01,-259,,,,,
1.46,1.38E-01,-251.2,,,,,
1.47,1.29E-01,-242.6,,,,,
1.48,1.18E-01,-233,,,,,
1.49,1.06E-01,-222.1,,,,,
1.5,9.04E-02,-209.6,,,,,
1.51,7.26E-02,-194.8,,,,,
1.52,5.23E-02,-176.7,,,,,
1.53,3.06E-02,-153.8,,,,,
1.54,1.13E-02,-123.3,,,,,
1.55,9.26E-04,-78.14,,,,,
1.56,9.31E-11,7.015,,,,,
1.57,75.86,133.5,,,,,
1.58,219.6,54.84,,,,,
1.59,499.9,6.078,,,,,
1.6,325,-3.933,,,,,
1.61,918.4,392.8,,,,,
1.62,372.7,-625.9,,,,,
1.63,1.06E+03,-2.47E+03,,,,,
1.64,3.00E-06,-1.08E+03,,,,,
1.65,8.07E-04,-716.1,,,,,
1.66,1.24E-02,-598.2,,,,,
1.67,3.47E-02,-534,,,,,
1.68,5.88E-02,-492.2,,,,,
1.69,8.06E-02,-462.4,,,,,
1.7,9.90E-02,-439.8,,,,,
1.71,1.14E-01,-421.9,,,,,
1.72,1.27E-01,-407.2,,,,,
1.73,1.37E-01,-394.9,,,,,
1.74,1.45E-01,-384.4,,,,,
1.75,1.52E-01,-375.2,,,,,
1.76,1.57E-01,-367.2,,,,,
1.77,1.62E-01,-359.9,,,,,
1.78,1.66E-01,-353.4,,,,,
1.79,1.69E-01,-347.5,,,,,
1.8,1.72E-01,-342.1,,,,,
1.81,1.74E-01,-337.1,,,,,
1.82,1.76E-01,-332.5,,,,,
1.83,1.78E-01,-328.1,,,,,
1.84,1.79E-01,-324.1,,,,,
1.85,1.81E-01,-320.3,,,,,
1.86,1.82E-01,-316.7,,,,,
1.87,1.83E-01,-313.2,,,,,
1.88,1.83E-01,-310,,,,,
1.89,1.84E-01,-306.9,,,,,
1.9,1.85E-01,-303.9,,,,,
1.91,1.85E-01,-301.1,,,,,
1.92,1.85E-01,-298.3,,,,,
1.93,1.86E-01,-295.7,,,,,
1.94,1.86E-01,-293.1,,,,,
1.95,1.86E-01,-290.7,,,,,
1.96,1.86E-01,-288.3,,,,,
1.97,1.86E-01,-286,,,,,
1.98,1.86E-01,-283.8,,,,,
1.99,1.86E-01,-281.6,,,,,
2,1.86E-01,-279.5,,,,,
2.01,1.86E-01,-277.5,,,,,
2.02,1.86E-01,-275.5,,,,,
2.03,1.86E-01,-273.5,,,,,
2.04,1.86E-01,-271.6,,,,,
2.05,1.86E-01,-269.8,,,,,
2.06,1.86E-01,-268,,,,,
2.07,1.86E-01,-266.2,,,,,
2.08,1.86E-01,-264.5,,,,,
2.09,1.85E-01,-262.8,,,,,
2.1,1.85E-01,-261.1,,,,,
2.11,1.85E-01,-259.5,,,,,
2.12,1.85E-01,-257.9,,,,,
2.13,1.85E-01,-256.3,,,,,
2.14,1.84E-01,-254.8,,,,,
2.15,1.84E-01,-253.2,,,,,
2.16,1.84E-01,-251.7,,,,,
2.17,1.84E-01,-250.3,,,,,
2.18,1.83E-01,-248.8,,,,,
2.19,1.83E-01,-247.4,,,,,
2.2,1.83E-01,-246,,,,,
2.21,1.83E-01,-244.7,,,,,
2.22,1.82E-01,-243.3,,,,,
2.23,1.82E-01,-242,,,,,
2.24,1.82E-01,-240.7,,,,,
2.25,1.81E-01,-239.4,,,,,
2.26,1.81E-01,-238.1,,,,,
2.27,1.81E-01,-236.9,,,,,
2.28,1.80E-01,-235.6,,,,,
2.29,1.80E-01,-234.4,,,,,
2.3,1.80E-01,-233.2,,,,,
2.31,1.80E-01,-232,,,,,
2.32,1.79E-01,-230.8,,,,,
2.33,1.79E-01,-229.7,,,,,
2.34,1.79E-01,-228.5,,,,,
2.35,1.78E-01,-227.4,,,,,
2.36,1.78E-01,-226.3,,,,,
2.37,1.78E-01,-225.2,,,,,
2.38,1.77E-01,-224.1,,,,,
2.39,1.77E-01,-223,,,,,
2.4,1.77E-01,-222,,,,,
2.41,1.76E-01,-220.9,,,,,
2.42,1.76E-01,-219.9,,,,,
2.43,1.76E-01,-218.8,,,,,
2.44,1.75E-01,-217.8,,,,,
2.45,1.75E-01,-216.8,,,,,
2.46,1.75E-01,-215.8,,,,,
2.47,1.74E-01,-214.8,,,,,
2.48,1.74E-01,-213.9,,,,,
2.49,1.74E-01,-212.9,,,,,
2.5,1.73E-01,-212,,,,,
2.51,1.73E-01,-211,,,,,
2.52,1.73E-01,-210.1,,,,,
2.53,1.72E-01,-209.2,,,,,
2.54,1.72E-01,-208.2,,,,,
2.55,1.72E-01,-207.3,,,,,
2.56,1.71E-01,-206.4,,,,,
2.57,1.71E-01,-205.6,,,,,
2.58,1.70E-01,-204.7,,,,,
2.59,1.70E-01,-203.8,,,,,
2.6,1.70E-01,-203,,,,,
2.61,1.69E-01,-202.1,,,,,
2.62,1.69E-01,-201.3,,,,,
2.63,1.69E-01,-200.4,,,,,
2.64,1.68E-01,-199.6,,,,,
2.65,1.68E-01,-198.8,,,,,
2.66,1.68E-01,-198,,,,,
2.67,1.67E-01,-197.1,,,,,
2.68,1.67E-01,-196.3,,,,,
2.69,1.67E-01,-195.6,,,,,
2.7,1.66E-01,-194.8,,,,,
2.71,1.66E-01,-194,,,,,
2.72,1.66E-01,-193.2,,,,,
2.73,1.65E-01,-192.5,,,,,
2.74,1.65E-01,-191.7,,,,,
2.75,1.64E-01,-191,,,,,
2.76,1.64E-01,-190.2,,,,,
2.77,1.64E-01,-189.5,,,,,
2.78,1.63E-01,-188.7,,,,,
2.79,1.63E-01,-188,,,,,
2.8,1.63E-01,-187.3,,,,,
2.81,1.62E-01,-186.6,,,,,
2.82,1.62E-01,-185.9,,,,,
2.83,1.62E-01,-185.2,,,,,
2.84,1.61E-01,-184.5,,,,,
2.85,1.61E-01,-183.8,,,,,
2.86,1.61E-01,-183.1,,,,,
2.87,1.60E-01,-182.4,,,,,
2.88,1.60E-01,-181.7,,,,,
2.89,1.60E-01,-181.1,,,,,
2.9,1.59E-01,-180.4,,,,,
2.91,1.59E-01,-179.8,,,,,
2.92,1.59E-01,-179.1,,,,,
2.93,1.58E-01,-178.4,,,,,
2.94,1.58E-01,-177.8,,,,,
2.95,1.57E-01,-177.2,,,,,
2.96,1.57E-01,-176.5,,,,,
2.97,1.57E-01,-175.9,,,,,
2.98,1.56E-01,-175.3,,,,,
2.99,1.56E-01,-174.7,,,,,
3,1.56E-01,-174,,,,,
3.01,1.55E-01,-173.4,,,,,
3.02,1.55E-01,-172.8,,,,,
3.03,1.55E-01,-172.2,,,,,
3.04,1.54E-01,-171.6,,,,,
3.05,1.54E-01,-171,,,,,
3.06,1.54E-01,-170.5,,,,,
3.07,1.53E-01,-169.9,,,,,
3.08,1.53E-01,-169.3,,,,,
3.09,1.53E-01,-168.7,,,,,
3.1,1.52E-01,-168.1,,,,,
3.11,1.52E-01,-167.6,,,,,
3.12,1.52E-01,-167,,,,,
3.13,1.51E-01,-166.5,,,,,
3.14,1.51E-01,-165.9,,,,,
3.15,1.51E-01,-165.4,,,,,
3.16,1.50E-01,-164.8,,,,,
3.17,1.50E-01,-164.3,,,,,
3.18,1.49E-01,-163.7,,,,,
3.19,1.49E-01,-163.2,,,,,
3.2,1.49E-01,-162.7,,,,,
3.21,1.48E-01,-162.1,,,,,
3.22,1.48E-01,-161.6,,,,,
3.23,1.48E-01,-161.1,,,,,
3.24,1.47E-01,-160.6,,,,,
3.25,1.47E-01,-160,,,,,
3.26,1.47E-01,-159.5,,,,,
3.27,1.46E-01,-159,,,,,
3.28,1.46E-01,-158.5,,,,,
3.29,1.46E-01,-158,,,,,
3.3,1.45E-01,-157.5,,,,,
3.31,1.45E-01,-157,,,,,
3.32,1.45E-01,-156.5,,,,,
3.33,1.44E-01,-156.1,,,,,
3.34,1.44E-01,-155.6,,,,,
3.35,1.44E-01,-155.1,,,,,
3.36,1.43E-01,-154.6,,,,,
3.37,1.43E-01,-154.1,,,,,
3.38,1.43E-01,-153.7,,,,,
3.39,1.42E-01,-153.2,,,,,
3.4,1.42E-01,-152.7,,,,,
3.41,1.42E-01,-152.3,,,,,
3.42,1.41E-01,-151.8,,,,,
3.43,1.41E-01,-151.3,,,,,
3.44,1.41E-01,-150.9,,,,,
3.45,1.40E-01,-150.4,,,,,
3.46,1.40E-01,-150,,,,,
3.47,1.40E-01,-149.5,,,,,
3.48,1.39E-01,-149.1,,,,,
3.49,1.39E-01,-148.6,,,,,
3.5,1.39E-01,-148.2,,,,,
3.51,1.38E-01,-147.8,,,,,
3.52,1.38E-01,-147.3,,,,,
3.53,1.38E-01,-146.9,,,,,
3.54,1.38E-01,-146.5,,,,,
3.55,1.37E-01,-146.1,,,,,
3.56,1.37E-01,-145.6,,,,,
3.57,1.37E-01,-145.2,,,,,
3.58,1.36E-01,-144.8,,,,,
3.59,1.36E-01,-144.4,,,,,
3.6,1.36E-01,-144,,,,,
3.61,1.35E-01,-143.6,,,,,
3.62,1.35E-01,-143.1,,,,,
3.63,1.35E-01,-142.7,,,,,
3.64,1.34E-01,-142.3,,,,,
3.65,1.34E-01,-141.9,,,,,
3.66,1.34E-01,-141.5,,,,,
3.67,1.33E-01,-141.1,,,,,
3.68,1.33E-01,-140.7,,,,,
3.69,1.33E-01,-140.4,,,,,
3.7,1.32E-01,-140,,,,,
3.71,1.32E-01,-139.6,,,,,
3.72,1.32E-01,-139.2,,,,,
3.73,1.31E-01,-138.8,,,,,
3.74,1.31E-01,-138.4,,,,,
3.75,1.31E-01,-138,,,,,
3.76,1.31E-01,-137.7,,,,,
3.77,1.30E-01,-137.3,,,,,
3.78,1.30E-01,-136.9,,,,,
3.79,1.30E-01,-136.6,,,,,
3.8,1.29E-01,-136.2,,,,,
3.81,1.29E-01,-135.8,,,,,
3.82,1.29E-01,-135.5,,,,,
3.83,1.28E-01,-135.1,,,,,
3.84,1.28E-01,-134.7,,,,,
3.85,1.28E-01,-134.4,,,,,
3.86,1.27E-01,-134,,,,,
3.87,1.27E-01,-133.7,,,,,
3.88,1.27E-01,-133.3,,,,,
3.89,1.27E-01,-133,,,,,
3.9,1.26E-01,-132.6,,,,,
3.91,1.26E-01,-132.3,,,,,
3.92,1.26E-01,-131.9,,,,,
3.93,1.25E-01,-131.6,,,,,
3.94,1.25E-01,-131.2,,,,,
3.95,1.25E-01,-130.9,,,,,
3.96,1.24E-01,-130.6,,,,,
3.97,1.24E-01,-130.2,,,,,
3.98,1.24E-01,-129.9,,,,,
3.99,1.24E-01,-129.5,,,,,
4,1.23E-01,-129.2,,,,,
4.01,1.23E-01,-128.9,,,,,
4.02,1.23E-01,-128.6,,,,,
4.03,1.22E-01,-128.2,,,,,
4.04,1.22E-01,-127.9,,,,,
4.05,1.22E-01,-127.6,,,,,
4.06,1.22E-01,-127.3,,,,,
4.07,1.21E-01,-126.9,,,,,
4.08,1.21E-01,-126.6,,,,,
4.09,1.21E-01,-126.3,,,,,
4.1,1.20E-01,-126,,,,,
4.11,1.20E-01,-125.7,,,,,
4.12,1.20E-01,-125.4,,,,,
4.13,1.20E-01,-125.1,,,,,
4.14,1.19E-01,-124.8,,,,,
4.15,1.19E-01,-124.5,,,,,
4.16,1.19E-01,-124.1,,,,,
4.17,1.18E-01,-123.8,,,,,
4.18,1.18E-01,-123.5,,,,,
4.19,1.18E-01,-123.2,,,,,
4.2,1.18E-01,-122.9,,,,,
4.21,1.17E-01,-122.6,,,,,
4.22,1.17E-01,-122.3,,,,,
4.23,1.17E-01,-122.1,,,,,
4.24,1.16E-01,-121.8,,,,,
4.25,1.16E-01,-121.5,,,,,
4.26,1.16E-01,-121.2,,,,,
4.27,1.16E-01,-120.9,,,,,
4.28,1.15E-01,-120.6,,,,,
4.29,1.15E-01,-120.3,,,,,
4.3,1.15E-01,-120,,,,,
4.31,1.15E-01,-119.7,,,,,
4.32,1.14E-01,-119.5,,,,,
4.33,1.14E-01,-119.2,,,,,
4.34,1.14E-01,-118.9,,,,,
4.35,1.13E-01,-118.6,,,,,
4.36,1.13E-01,-118.3,,,,,
4.37,1.13E-01,-118.1,,,,,
4.38,1.13E-01,-117.8,,,,,
4.39,1.12E-01,-117.5,,,,,
4.4,1.12E-01,-117.3,,,,,
4.41,1.12E-01,-117,,,,,
4.42,1.12E-01,-116.7,,,,,
4.43,1.11E-01,-116.4,,,,,
4.44,1.11E-01,-116.2,,,,,
4.45,1.11E-01,-115.9,,,,,
4.46,1.11E-01,-115.7,,,,,
4.47,1.10E-01,-115.4,,,,,
4.48,1.10E-01,-115.1,,,,,
4.49,1.10E-01,-114.9,,,,,
4.5,1.09E-01,-114.6,,,,,
4.51,1.09E-01,-114.4,,,,,
4.52,1.09E-01,-114.1,,,,,
4.53,1.09E-01,-113.8,,,,,
4.54,1.08E-01,-113.6,,,,,
4.55,1.08E-01,-113.3,,,,,
4.56,1.08E-01,-113.1,,,,,
4.57,1.08E-01,-112.8,,,,,
4.58,1.07E-01,-112.6,,,,,
4.59,1.07E-01,-112.3,,,,,
4.6,1.07E-01,-112.1,,,,,
4.61,1.07E-01,-111.8,,,,,
4.62,1.06E-01,-111.6,,,,,
4.63,1.06E-01,-111.3,,,,,
4.64,1.06E-01,-111.1,,,,,
4.65,1.06E-01,-110.9,,,,,
4.66,1.05E-01,-110.6,,,,,
4.67,1.05E-01,-110.4,,,,,
4.68,1.05E-01,-110.1,,,,,
4.69,1.05E-01,-109.9,,,,,
4.7,1.04E-01,-109.7,,,,,
4.71,1.04E-01,-109.4,,,,,
4.72,1.04E-01,-109.2,,,,,
4.73,1.04E-01,-109,,,,,
4.74,1.03E-01,-108.7,,,,,
4.75,1.03E-01,-108.5,,,,,
4.76,1.03E-01,-108.3,,,,,
4.77,1.03E-01,-108,,,,,
4.78,1.02E-01,-107.8,,,,,
4.79,1.02E-01,-107.6,,,,,
4.8,1.02E-01,-107.3,,,,,
4.81,1.02E-01,-107.1,,,,,
4.82,1.01E-01,-106.9,,,,,
4.83,1.01E-01,-106.7,,,,,
4.84,1.01E-01,-106.4,,,,,
4.85,1.01E-01,-106.2,,,,,
4.86,1.01E-01,-106,,,,,
4.87,1.00E-01,-105.8,,,,,
4.88,1.00E-01,-105.6,,,,,
4.89,9.98E-02,-105.3,,,,,
4.9,9.95E-02,-105.1,,,,,
4.91,9.93E-02,-104.9,,,,,
4.92,9.90E-02,-104.7,,,,,
4.93,9.88E-02,-104.5,,,,,
4.94,9.86E-02,-104.3,,,,,
4.95,9.84E-02,-104.1,,,,,
4.96,9.81E-02,-103.8,,,,,
4.97,9.79E-02,-103.6,,,,,
4.98,9.77E-02,-103.4,,,,,
4.99,9.74E-02,-103.2,,,,,
5,9.72E-02,-103,,,,,
5.01,9.70E-02,-102.8,,,,,
5.02,9.67E-02,-102.6,,,,,
5.03,9.65E-02,-102.4,,,,,
5.04,9.63E-02,-102.2,,,,,
5.05,9.61E-02,-102,,,,,
5.06,9.58E-02,-101.8,,,,,
5.07,9.56E-02,-101.6,,,,,
5.08,9.54E-02,-101.4,,,,,
5.09,9.52E-02,-101.2,,,,,
5.1,9.49E-02,-101,,,,,
5.11,9.47E-02,-100.8,,,,,
5.12,9.45E-02,-100.6,,,,,
5.13,9.43E-02,-100.4,,,,,
5.14,9.41E-02,-100.2,,,,,
5.15,9.38E-02,-99.96,,,,,
5.16,9.36E-02,-99.77,,,,,
5.17,9.34E-02,-99.57,,,,,
5.18,9.32E-02,-99.38,,,,,
5.19,9.30E-02,-99.19,,,,,
5.2,9.28E-02,-98.99,,,,,
5.21,9.25E-02,-98.8,,,,,
5.22,9.23E-02,-98.61,,,,,
5.23,9.21E-02,-98.42,,,,,
5.24,9.19E-02,-98.23,,,,,
5.25,9.17E-02,-98.04,,,,,
5.26,9.15E-02,-97.85,,,,,
5.27,9.13E-02,-97.66,,,,,
5.28,9.10E-02,-97.48,,,,,
5.29,9.08E-02,-97.29,,,,,
5.3,9.06E-02,-97.11,,,,,
5.31,9.04E-02,-96.92,,,,,
5.32,9.02E-02,-96.74,,,,,
5.33,9.00E-02,-96.55,,,,,
5.34,8.98E-02,-96.37,,,,,
5.35,8.96E-02,-96.19,,,,,
5.36,8.94E-02,-96.01,,,,,
5.37,8.92E-02,-95.83,,,,,
5.38,8.90E-02,-95.65,,,,,
5.39,8.87E-02,-95.47,,,,,
5.4,8.85E-02,-95.29,,,,,
5.41,8.83E-02,-95.11,,,,,
5.42,8.81E-02,-94.93,,,,,
5.43,8.79E-02,-94.76,,,,,
5.44,8.77E-02,-94.58,,,,,
5.45,8.75E-02,-94.41,,,,,
5.46,8.73E-02,-94.23,,,,,
5.47,8.71E-02,-94.06,,,,,
5.48,8.69E-02,-93.89,,,,,
5.49,8.67E-02,-93.71,,,,,
5.5,8.65E-02,-93.54,,,,,
5.51,8.63E-02,-93.37,,,,,
5.52,8.61E-02,-93.2,,,,,
5.53,8.59E-02,-93.03,,,,,
5.54,8.57E-02,-92.86,,,,,
5.55,8.55E-02,-92.69,,,,,
5.56,8.53E-02,-92.52,,,,,
5.57,8.51E-02,-92.35,,,,,
5.58,8.49E-02,-92.19,,,,,
5.59,8.48E-02,-92.02,,,,,
5.6,8.46E-02,-91.86,,,,,
5.61,8.44E-02,-91.69,,,,,
5.62,8.42E-02,-91.53,,,,,
5.63,8.40E-02,-91.36,,,,,
5.64,8.38E-02,-91.2,,,,,
5.65,8.36E-02,-91.04,,,,,
5.66,8.34E-02,-90.87,,,,,
5.67,8.32E-02,-90.71,,,,,
5.68,8.30E-02,-90.55,,,,,
5.69,8.28E-02,-90.39,,,,,
5.7,8.27E-02,-90.23,,,,,
5.71,8.25E-02,-90.07,,,,,
5.72,8.23E-02,-89.91,,,,,
5.73,8.21E-02,-89.75,,,,,
5.74,8.19E-02,-89.6,,,,,
5.75,8.17E-02,-89.44,,,,,
5.76,8.15E-02,-89.28,,,,,
5.77,8.13E-02,-89.13,,,,,
5.78,8.12E-02,-88.97,,,,,
5.79,8.10E-02,-88.82,,,,,
5.8,8.08E-02,-88.66,,,,,
5.81,8.06E-02,-88.51,,,,,
5.82,8.04E-02,-88.35,,,,,
5.83,8.02E-02,-88.2,,,,,
5.84,8.01E-02,-88.05,,,,,
5.85,7.99E-02,-87.9,,,,,
5.86,7.97E-02,-87.75,,,,,
5.87,7.95E-02,-87.6,,,,,
5.88,7.93E-02,-87.45,,,,,
5.89,7.92E-02,-87.3,,,,,
5.9,7.90E-02,-87.15,,,,,
5.91,7.88E-02,-87,,,,,
5.92,7.86E-02,-86.85,,,,,
5.93,7.85E-02,-86.7,,,,,
5.94,7.83E-02,-86.56,,,,,
5.95,7.81E-02,-86.41,,,,,
5.96,7.79E-02,-86.26,,,,,
5.97,7.78E-02,-86.12,,,,,
5.98,7.76E-02,-85.97,,,,,
5.99,7.74E-02,-85.83,,,,,
6,7.72E-02,-85.68,,,,,
6.01,7.71E-02,-85.54,,,,,
6.02,7.69E-02,-85.4,,,,,
6.03,7.67E-02,-85.25,,,,,
6.04,7.65E-02,-85.11,,,,,
6.05,7.64E-02,-84.97,,,,,
6.06,7.62E-02,-84.83,,,,,
6.07,7.60E-02,-84.69,,,,,
6.08,7.59E-02,-84.55,,,,,
6.09,7.57E-02,-84.41,,,,,
6.1,7.55E-02,-84.27,,,,,
6.11,7.54E-02,-84.13,,,,,
6.12,7.52E-02,-83.99,,,,,
6.13,7.50E-02,-83.85,,,,,
6.14,7.49E-02,-83.72,,,,,
6.15,7.47E-02,-83.58,,,,,
6.16,7.45E-02,-83.44,,,,,
6.17,7.44E-02,-83.31,,,,,
6.18,7.42E-02,-83.17,,,,,
6.19,7.40E-02,-83.03,,,,,
6.2,7.39E-02,-82.9,,,,,
6.21,7.37E-02,-82.77,,,,,
6.22,7.35E-02,-82.63,,,,,
6.23,7.34E-02,-82.5,,,,,
6.24,7.32E-02,-82.36,,,,,
6.25,7.31E-02,-82.23,,,,,
6.26,7.29E-02,-82.1,,,,,
6.27,7.27E-02,-81.97,,,,,
6.28,7.26E-02,-81.84,,,,,
6.29,7.24E-02,-81.71,,,,,
6.3,7.23E-02,-81.57,,,,,
6.31,7.21E-02,-81.44,,,,,
6.32,7.19E-02,-81.32,,,,,
6.33,7.18E-02,-81.19,,,,,
6.34,7.16E-02,-81.06,,,,,
6.35,7.15E-02,-80.93,,,,,
6.36,7.13E-02,-80.8,,,,,
6.37,7.12E-02,-80.67,,,,,
6.38,7.10E-02,-80.55,,,,,
6.39,7.08E-02,-80.42,,,,,
6.4,7.07E-02,-80.29,,,,,
6.41,7.05E-02,-80.17,,,,,
6.42,7.04E-02,-80.04,,,,,
6.43,7.02E-02,-79.92,,,,,
6.44,7.01E-02,-79.79,,,,,
6.45,6.99E-02,-79.67,,,,,
6.46,6.98E-02,-79.54,,,,,
6.47,6.96E-02,-79.42,,,,,
6.48,6.95E-02,-79.29,,,,,
6.49,6.93E-02,-79.17,,,,,
6.5,6.92E-02,-79.05,,,,,
6.51,6.90E-02,-78.93,,,,,
6.52,6.89E-02,-78.81,,,,,
6.53,6.87E-02,-78.68,,,,,
6.54,6.86E-02,-78.56,,,,,
6.55,6.84E-02,-78.44,,,,,
6.56,6.83E-02,-78.32,,,,,
6.57,6.81E-02,-78.2,,,,,
6.58,6.80E-02,-78.08,,,,,
6.59,6.78E-02,-77.96,,,,,
6.6,6.77E-02,-77.84,,,,,
6.61,6.75E-02,-77.73,,,,,
6.62,6.74E-02,-77.61,,,,,
6.63,6.72E-02,-77.49,,,,,
6.64,6.71E-02,-77.37,,,,,
6.65,6.70E-02,-77.26,,,,,
6.66,6.68E-02,-77.14,,,,,
6.67,6.67E-02,-77.02,,,,,
6.68,6.65E-02,-76.91,,,,,
6.69,6.64E-02,-76.79,,,,,
6.7,6.62E-02,-76.68,,,,,
6.71,6.61E-02,-76.56,,,,,
6.72,6.60E-02,-76.45,,,,,
6.73,6.58E-02,-76.33,,,,,
6.74,6.57E-02,-76.22,,,,,
6.75,6.55E-02,-76.1,,,,,
6.76,6.54E-02,-75.99,,,,,
6.77,6.53E-02,-75.88,,,,,
6.78,6.51E-02,-75.77,,,,,
6.79,6.50E-02,-75.65,,,,,
6.8,6.48E-02,-75.54,,,,,
6.81,6.47E-02,-75.43,,,,,
6.82,6.46E-02,-75.32,,,,,
6.83,6.44E-02,-75.21,,,,,
6.84,6.43E-02,-75.1,,,,,
6.85,6.41E-02,-74.99,,,,,
6.86,6.40E-02,-74.88,,,,,
6.87,6.39E-02,-74.77,,,,,
6.88,6.37E-02,-74.66,,,,,
6.89,6.36E-02,-74.55,,,,,
6.9,6.35E-02,-74.44,,,,,
6.91,6.33E-02,-74.33,,,,,
6.92,6.32E-02,-74.22,,,,,
6.93,6.31E-02,-74.12,,,,,
6.94,6.29E-02,-74.01,,,,,
6.95,6.28E-02,-73.9,,,,,
6.96,6.27E-02,-73.8,,,,,
6.97,6.25E-02,-73.69,,,,,
6.98,6.24E-02,-73.58,,,,,
6.99,6.23E-02,-73.48,,,,,
7,6.21E-02,-73.37,,,,,
7.01,6.20E-02,-73.27,,,,,
7.02,6.19E-02,-73.16,,,,,
7.03,6.18E-02,-73.06,,,,,
7.04,6.16E-02,-72.95,,,,,
7.05,6.15E-02,-72.85,,,,,
7.06,6.14E-02,-72.75,,,,,
7.07,6.12E-02,-72.64,,,,,
7.08,6.11E-02,-72.54,,,,,
7.09,6.10E-02,-72.44,,,,,
7.1,6.09E-02,-72.33,,,,,
7.11,6.07E-02,-72.23,,,,,
7.12,6.06E-02,-72.13,,,,,
7.13,6.05E-02,-72.03,,,,,
7.14,6.03E-02,-71.93,,,,,
7.15,6.02E-02,-71.83,,,,,
7.16,6.01E-02,-71.72,,,,,
7.17,6.00E-02,-71.62,,,,,
7.18,5.98E-02,-71.52,,,,,
7.19,5.97E-02,-71.42,,,,,
7.2,5.96E-02,-71.32,,,,,
7.21,5.95E-02,-71.22,,,,,
7.22,5.94E-02,-71.13,,,,,
7.23,5.92E-02,-71.03,,,,,
7.24,5.91E-02,-70.93,,,,,
7.25,5.90E-02,-70.83,,,,,
7.26,5.89E-02,-70.73,,,,,
7.27,5.87E-02,-70.63,,,,,
7.28,5.86E-02,-70.54,,,,,
7.29,5.85E-02,-70.44,,,,,
7.3,5.84E-02,-70.34,,,,,
7.31,5.83E-02,-70.25,,,,,
7.32,5.81E-02,-70.15,,,,,
7.33,5.80E-02,-70.05,,,,,
7.34,5.79E-02,-69.96,,,,,
7.35,5.78E-02,-69.86,,,,,
7.36,5.77E-02,-69.77,,,,,
7.37,5.75E-02,-69.67,,,,,
7.38,5.74E-02,-69.58,,,,,
7.39,5.73E-02,-69.48,,,,,
7.4,5.72E-02,-69.39,,,,,
7.41,5.71E-02,-69.29,,,,,
7.42,5.70E-02,-69.2,,,,,
7.43,5.68E-02,-69.11,,,,,
7.44,5.67E-02,-69.01,,,,,
7.45,5.66E-02,-68.92,,,,,
7.46,5.65E-02,-68.83,,,,,
7.47,5.64E-02,-68.73,,,,,
7.48,5.63E-02,-68.64,,,,,
7.49,5.62E-02,-68.55,,,,,
7.5,5.60E-02,-68.46,,,,,
7.51,5.59E-02,-68.37,,,,,
7.52,5.58E-02,-68.28,,,,,
7.53,5.57E-02,-68.18,,,,,
7.54,5.56E-02,-68.09,,,,,
7.55,5.55E-02,-68,,,,,
7.56,5.54E-02,-67.91,,,,,
7.57,5.52E-02,-67.82,,,,,
7.58,5.51E-02,-67.73,,,,,
7.59,5.50E-02,-67.64,,,,,
7.6,5.49E-02,-67.55,,,,,
7.61,5.48E-02,-67.46,,,,,
7.62,5.47E-02,-67.38,,,,,
7.63,5.46E-02,-67.29,,,,,
7.64,5.45E-02,-67.2,,,,,
7.65,5.44E-02,-67.11,,,,,
7.66,5.43E-02,-67.02,,,,,
7.67,5.41E-02,-66.93,,,,,
7.68,5.40E-02,-66.85,,,,,
7.69,5.39E-02,-66.76,,,,,
7.7,5.38E-02,-66.67,,,,,
7.71,5.37E-02,-66.59,,,,,
7.72,5.36E-02,-66.5,,,,,
7.73,5.35E-02,-66.41,,,,,
7.74,5.34E-02,-66.33,,,,,
7.75,5.33E-02,-66.24,,,,,
7.76,5.32E-02,-66.16,,,,,
7.77,5.31E-02,-66.07,,,,,
7.78,5.30E-02,-65.98,,,,,
7.79,5.29E-02,-65.9,,,,,
7.8,5.28E-02,-65.81,,,,,
7.81,5.27E-02,-65.73,,,,,
7.82,5.25E-02,-65.65,,,,,
7.83,5.24E-02,-65.56,,,,,
7.84,5.23E-02,-65.48,,,,,
7.85,5.22E-02,-65.39,,,,,
7.86,5.21E-02,-65.31,,,,,
7.87,5.20E-02,-65.23,,,,,
7.88,5.19E-02,-65.14,,,,,
7.89,5.18E-02,-65.06,,,,,
7.9,5.17E-02,-64.98,,,,,
7.91,5.16E-02,-64.9,,,,,
7.92,5.15E-02,-64.81,,,,,
7.93,5.14E-02,-64.73,,,,,
7.94,5.13E-02,-64.65,,,,,
7.95,5.12E-02,-64.57,,,,,
7.96,5.11E-02,-64.49,,,,,
7.97,5.10E-02,-64.41,,,,,
7.98,5.09E-02,-64.32,,,,,
7.99,5.08E-02,-64.24,,,,,
8,5.07E-02,-64.16,,,,,
8.01,5.06E-02,-64.08,,,,,
8.02,5.05E-02,-64,,,,,
8.03,5.04E-02,-63.92,,,,,
8.04,5.03E-02,-63.84,,,,,
8.05,5.02E-02,-63.76,,,,,
8.06,5.01E-02,-63.68,,,,,
8.07,5.00E-02,-63.6,,,,,
8.08,4.99E-02,-63.53,,,,,
8.09,4.98E-02,-63.45,,,,,
8.1,4.97E-02,-63.37,,,,,
8.11,4.96E-02,-63.29,,,,,
8.12,4.95E-02,-63.21,,,,,
8.13,4.94E-02,-63.13,,,,,
8.14,4.93E-02,-63.06,,,,,
8.15,4.93E-02,-62.98,,,,,
8.16,4.92E-02,-62.9,,,,,
8.17,4.91E-02,-62.82,,,,,
8.18,4.90E-02,-62.75,,,,,
8.19,4.89E-02,-62.67,,,,,
8.2,4.88E-02,-62.59,,,,,
8.21,4.87E-02,-62.52,,,,,
8.22,4.86E-02,-62.44,,,,,
8.23,4.85E-02,-62.36,,,,,
8.24,4.84E-02,-62.29,,,,,
8.25,4.83E-02,-62.21,,,,,
8.26,4.82E-02,-62.14,,,,,
8.27,4.81E-02,-62.06,,,,,
8.28,4.80E-02,-61.99,,,,,
8.29,4.79E-02,-61.91,,,,,
8.3,4.78E-02,-61.84,,,,,
8.31,4.78E-02,-61.76,,,,,
8.32,4.77E-02,-61.69,,,,,
8.33,4.76E-02,-61.61,,,,,
8.34,4.75E-02,-61.54,,,,,
8.35,4.74E-02,-61.46,,,,,
8.36,4.73E-02,-61.39,,,,,
8.37,4.72E-02,-61.32,,,,,
8.38,4.71E-02,-61.24,,,,,
8.39,4.70E-02,-61.17,,,,,
8.4,4.69E-02,-61.1,,,,,
8.41,4.68E-02,-61.02,,,,,
8.42,4.68E-02,-60.95,,,,,
8.43,4.67E-02,-60.88,,,,,
8.44,4.66E-02,-60.81,,,,,
8.45,4.65E-02,-60.73,,,,,
8.46,4.64E-02,-60.66,,,,,
8.47,4.63E-02,-60.59,,,,,
8.48,4.62E-02,-60.52,,,,,
8.49,4.61E-02,-60.45,,,,,
8.5,4.61E-02,-60.38,,,,,
8.51,4.60E-02,-60.3,,,,,
8.52,4.59E-02,-60.23,,,,,
8.53,4.58E-02,-60.16,,,,,
8.54,4.57E-02,-60.09,,,,,
8.55,4.56E-02,-60.02,,,,,
8.56,4.55E-02,-59.95,,,,,
8.57,4.54E-02,-59.88,,,,,
8.58,4.54E-02,-59.81,,,,,
8.59,4.53E-02,-59.74,,,,,
8.6,4.52E-02,-59.67,,,,,
8.61,4.51E-02,-59.6,,,,,
8.62,4.50E-02,-59.53,,,,,
8.63,4.49E-02,-59.46,,,,,
8.64,4.49E-02,-59.39,,,,,
8.65,4.48E-02,-59.33,,,,,
8.66,4.47E-02,-59.26,,,,,
8.67,4.46E-02,-59.19,,,,,
8.68,4.45E-02,-59.12,,,,,
8.69,4.44E-02,-59.05,,,,,
8.7,4.44E-02,-58.98,,,,,
8.71,4.43E-02,-58.92,,,,,
8.72,4.42E-02,-58.85,,,,,
8.73,4.41E-02,-58.78,,,,,
8.74,4.40E-02,-58.71,,,,,
8.75,4.39E-02,-58.65,,,,,
8.76,4.39E-02,-58.58,,,,,
8.77,4.38E-02,-58.51,,,,,
8.78,4.37E-02,-58.44,,,,,
8.79,4.36E-02,-58.38,,,,,
8.8,4.35E-02,-58.31,,,,,
8.81,4.35E-02,-58.24,,,,,
8.82,4.34E-02,-58.18,,,,,
8.83,4.33E-02,-58.11,,,,,
8.84,4.32E-02,-58.05,,,,,
8.85,4.31E-02,-57.98,,,,,
8.86,4.31E-02,-57.92,,,,,
8.87,4.30E-02,-57.85,,,,,
8.88,4.29E-02,-57.78,,,,,
8.89,4.28E-02,-57.72,,,,,
8.9,4.27E-02,-57.65,,,,,
8.91,4.27E-02,-57.59,,,,,
8.92,4.26E-02,-57.52,,,,,
8.93,4.25E-02,-57.46,,,,,
8.94,4.24E-02,-57.4,,,,,
8.95,4.24E-02,-57.33,,,,,
8.96,4.23E-02,-57.27,,,,,
8.97,4.22E-02,-57.2,,,,,
8.98,4.21E-02,-57.14,,,,,
8.99,4.20E-02,-57.08,,,,,
9,4.20E-02,-57.01,,,,,
9.01,4.19E-02,-56.95,,,,,
9.02,4.18E-02,-56.89,,,,,
9.03,4.17E-02,-56.82,,,,,
9.04,4.17E-02,-56.76,,,,,
9.05,4.16E-02,-56.7,,,,,
9.06,4.15E-02,-56.63,,,,,
9.07,4.14E-02,-56.57,,,,,
9.08,4.14E-02,-56.51,,,,,
9.09,4.13E-02,-56.45,,,,,
9.1,4.12E-02,-56.38,,,,,
9.11,4.11E-02,-56.32,,,,,
9.12,4.11E-02,-56.26,,,,,
9.13,4.10E-02,-56.2,,,,,
9.14,4.09E-02,-56.14,,,,,
9.15,4.08E-02,-56.07,,,,,
9.16,4.08E-02,-56.01,,,,,
9.17,4.07E-02,-55.95,,,,,
9.18,4.06E-02,-55.89,,,,,
9.19,4.05E-02,-55.83,,,,,
9.2,4.05E-02,-55.77,,,,,
9.21,4.04E-02,-55.71,,,,,
9.22,4.03E-02,-55.65,,,,,
9.23,4.03E-02,-55.59,,,,,
9.24,4.02E-02,-55.53,,,,,
9.25,4.01E-02,-55.47,,,,,
9.26,4.00E-02,-55.41,,,,,
9.27,4.00E-02,-55.35,,,,,
9.28,3.99E-02,-55.29,,,,,
9.29,3.98E-02,-55.23,,,,,
9.3,3.98E-02,-55.17,,,,,
9.31,3.97E-02,-55.11,,,,,
9.32,3.96E-02,-55.05,,,,,
9.33,3.95E-02,-54.99,,,,,
9.34,3.95E-02,-54.93,,,,,
9.35,3.94E-02,-54.87,,,,,
9.36,3.93E-02,-54.81,,,,,
9.37,3.93E-02,-54.75,,,,,
9.38,3.92E-02,-54.7,,,,,
9.39,3.91E-02,-54.64,,,,,
9.4,3.90E-02,-54.58,,,,,
9.41,3.90E-02,-54.52,,,,,
9.42,3.89E-02,-54.46,,,,,
9.43,3.88E-02,-54.41,,,,,
9.44,3.88E-02,-54.35,,,,,
9.45,3.87E-02,-54.29,,,,,
9.46,3.86E-02,-54.23,,,,,
9.47,3.86E-02,-54.17,,,,,
9.48,3.85E-02,-54.12,,,,,
9.49,3.84E-02,-54.06,,,,,
9.5,3.84E-02,-54,,,,,
9.51,3.83E-02,-53.95,,,,,
9.52,3.82E-02,-53.89,,,,,
9.53,3.82E-02,-53.83,,,,,
9.54,3.81E-02,-53.78,,,,,
9.55,3.80E-02,-53.72,,,,,
9.56,3.80E-02,-53.66,,,,,
9.57,3.79E-02,-53.61,,,,,
9.58,3.78E-02,-53.55,,,,,
9.59,3.78E-02,-53.5,,,,,
9.6,3.77E-02,-53.44,,,,,
9.61,3.76E-02,-53.38,,,,,
9.62,3.76E-02,-53.33,,,,,
9.63,3.75E-02,-53.27,,,,,
9.64,3.74E-02,-53.22,,,,,
9.65,3.74E-02,-53.16,,,,,
9.66,3.73E-02,-53.11,,,,,
9.67,3.72E-02,-53.05,,,,,
9.68,3.72E-02,-53,,,,,
9.69,3.71E-02,-52.94,,,,,
9.7,3.70E-02,-52.89,,,,,
9.71,3.70E-02,-52.83,,,,,
9.72,3.69E-02,-52.78,,,,,
9.73,3.69E-02,-52.72,,,,,
9.74,3.68E-02,-52.67,,,,,
9.75,3.67E-02,-52.62,,,,,
9.76,3.67E-02,-52.56,,,,,
9.77,3.66E-02,-52.51,,,,,
9.78,3.65E-02,-52.45,,,,,
9.79,3.65E-02,-52.4,,,,,
9.8,3.64E-02,-52.35,,,,,
9.81,3.63E-02,-52.29,,,,,
9.82,3.63E-02,-52.24,,,,,
9.83,3.62E-02,-52.19,,,,,
9.84,3.62E-02,-52.13,,,,,
9.85,3.61E-02,-52.08,,,,,
9.86,3.60E-02,-52.03,,,,,
9.87,3.60E-02,-51.97,,,,,
9.88,3.59E-02,-51.92,,,,,
9.89,3.59E-02,-51.87,,,,,
9.9,3.58E-02,-51.82,,,,,
9.91,3.57E-02,-51.76,,,,,
9.92,3.57E-02,-51.71,,,,,
9.93,3.56E-02,-51.66,,,,,
9.94,3.55E-02,-51.61,,,,,
9.95,3.55E-02,-51.56,,,,,
9.96,3.54E-02,-51.5,,,,,
9.97,3.54E-02,-51.45,,,,,
9.98,3.53E-02,-51.4,,,,,
9.99,3.52E-02,-51.35,,,,,
10,3.52E-02,-51.3,,,,,
10.01,3.51E-02,-51.25,,,,,
10.02,3.51E-02,-51.19,,,,,
10.03,3.50E-02,-51.14,,,,,
10.04,3.49E-02,-51.09,,,,,
10.05,3.49E-02,-51.04,,,,,
10.06,3.48E-02,-50.99,,,,,
10.07,3.48E-02,-50.94,,,,,
10.08,3.47E-02,-50.89,,,,,
10.09,3.46E-02,-50.84,,,,,
10.1,3.46E-02,-50.79,,,,,
10.11,3.45E-02,-50.74,,,,,
10.12,3.45E-02,-50.69,,,,,
10.13,3.44E-02,-50.64,,,,,
10.14,3.44E-02,-50.59,,,,,
10.15,3.43E-02,-50.54,,,,,
10.16,3.42E-02,-50.49,,,,,
10.17,3.42E-02,-50.44,,,,,
10.18,3.41E-02,-50.39,,,,,
10.19,3.41E-02,-50.34,,,,,
10.2,3.40E-02,-50.29,,,,,
10.21,3.40E-02,-50.24,,,,,
10.22,3.39E-02,-50.19,,,,,
10.23,3.38E-02,-50.14,,,,,
10.24,3.38E-02,-50.09,,,,,
10.25,3.37E-02,-50.04,,,,,
10.26,3.37E-02,-49.99,,,,,
10.27,3.36E-02,-49.95,,,,,
10.28,3.36E-02,-49.9,,,,,
10.29,3.35E-02,-49.85,,,,,
10.3,3.35E-02,-49.8,,,,,
10.31,3.34E-02,-49.75,,,,,
10.32,3.33E-02,-49.7,,,,,
10.33,3.33E-02,-49.65,,,,,
10.34,3.32E-02,-49.61,,,,,
10.35,3.32E-02,-49.56,,,,,
10.36,3.31E-02,-49.51,,,,,
10.37,3.31E-02,-49.46,,,,,
10.38,3.30E-02,-49.42,,,,,
10.39,3.30E-02,-49.37,,,,,
10.4,3.29E-02,-49.32,,,,,
10.41,3.28E-02,-49.27,,,,,
10.42,3.28E-02,-49.22,,,,,
10.43,3.27E-02,-49.18,,,,,
10.44,3.27E-02,-49.13,,,,,
10.45,3.26E-02,-49.08,,,,,
10.46,3.26E-02,-49.04,,,,,
10.47,3.25E-02,-48.99,,,,,
10.48,3.25E-02,-48.94,,,,,
10.49,3.24E-02,-48.9,,,,,
10.5,3.24E-02,-48.85,,,,,
10.51,3.23E-02,-48.8,,,,,
10.52,3.23E-02,-48.76,,,,,
10.53,3.22E-02,-48.71,,,,,
10.54,3.21E-02,-48.66,,,,,
10.55,3.21E-02,-48.62,,,,,
10.56,3.20E-02,-48.57,,,,,
10.57,3.20E-02,-48.53,,,,,
10.58,3.19E-02,-48.48,,,,,
10.59,3.19E-02,-48.43,,,,,
10.6,3.18E-02,-48.39,,,,,
10.61,3.18E-02,-48.34,,,,,
10.62,3.17E-02,-48.3,,,,,
10.63,3.17E-02,-48.25,,,,,
10.64,3.16E-02,-48.21,,,,,
10.65,3.16E-02,-48.16,,,,,
10.66,3.15E-02,-48.11,,,,,
10.67,3.15E-02,-48.07,,,,,
10.68,3.14E-02,-48.02,,,,,
10.69,3.14E-02,-47.98,,,,,
10.7,3.13E-02,-47.93,,,,,
10.71,3.13E-02,-47.89,,,,,
10.72,3.12E-02,-47.84,,,,,
10.73,3.12E-02,-47.8,,,,,
10.74,3.11E-02,-47.76,,,,,
10.75,3.11E-02,-47.71,,,,,
10.76,3.10E-02,-47.67,,,,,
10.77,3.10E-02,-47.62,,,,,
10.78,3.09E-02,-47.58,,,,,
10.79,3.09E-02,-47.53,,,,,
10.8,3.08E-02,-47.49,,,,,
10.81,3.08E-02,-47.45,,,,,
10.82,3.07E-02,-47.4,,,,,
10.83,3.07E-02,-47.36,,,,,
10.84,3.06E-02,-47.31,,,,,
10.85,3.06E-02,-47.27,,,,,
10.86,3.05E-02,-47.23,,,,,
10.87,3.05E-02,-47.18,,,,,
10.88,3.04E-02,-47.14,,,,,
10.89,3.04E-02,-47.1,,,,,
10.9,3.03E-02,-47.05,,,,,
10.91,3.03E-02,-47.01,,,,,
10.92,3.02E-02,-46.97,,,,,
10.93,3.02E-02,-46.92,,,,,
10.94,3.01E-02,-46.88,,,,,
10.95,3.01E-02,-46.84,,,,,
10.96,3.00E-02,-46.8,,,,,
10.97,3.00E-02,-46.75,,,,,
10.98,2.99E-02,-46.71,,,,,
10.99,2.99E-02,-46.67,,,,,
11,2.99E-02,-46.62,,,,,
11.01,2.98E-02,-46.58,,,,,
11.02,2.98E-02,-46.54,,,,,
11.03,2.97E-02,-46.5,,,,,
11.04,2.97E-02,-46.46,,,,,
11.05,2.96E-02,-46.41,,,,,
11.06,2.96E-02,-46.37,,,,,
11.07,2.95E-02,-46.33,,,,,
11.08,2.95E-02,-46.29,,,,,
11.09,2.94E-02,-46.25,,,,,
11.1,2.94E-02,-46.2,,,,,
11.11,2.93E-02,-46.16,,,,,
11.12,2.93E-02,-46.12,,,,,
11.13,2.92E-02,-46.08,,,,,
11.14,2.92E-02,-46.04,,,,,
11.15,2.92E-02,-46,,,,,
11.16,2.91E-02,-45.95,,,,,
11.17,2.91E-02,-45.91,,,,,
11.18,2.90E-02,-45.87,,,,,
11.19,2.90E-02,-45.83,,,,,
11.2,2.89E-02,-45.79,,,,,
11.21,2.89E-02,-45.75,,,,,
11.22,2.88E-02,-45.71,,,,,
11.23,2.88E-02,-45.67,,,,,
11.24,2.87E-02,-45.63,,,,,
11.25,2.87E-02,-45.59,,,,,
11.26,2.87E-02,-45.55,,,,,
11.27,2.86E-02,-45.51,,,,,
11.28,2.86E-02,-45.47,,,,,
11.29,2.85E-02,-45.42,,,,,
11.3,2.85E-02,-45.38,,,,,
11.31,2.84E-02,-45.34,,,,,
11.32,2.84E-02,-45.3,,,,,
11.33,2.83E-02,-45.26,,,,,
11.34,2.83E-02,-45.22,,,,,
11.35,2.83E-02,-45.18,,,,,
11.36,2.82E-02,-45.14,,,,,
11.37,2.82E-02,-45.1,,,,,
11.38,2.81E-02,-45.07,,,,,
11.39,2.81E-02,-45.03,,,,,
11.4,2.80E-02,-44.99,,,,,
11.41,2.80E-02,-44.95,,,,,
11.42,2.80E-02,-44.91,,,,,
11.43,2.79E-02,-44.87,,,,,
11.44,2.79E-02,-44.83,,,,,
11.45,2.78E-02,-44.79,,,,,
11.46,2.78E-02,-44.75,,,,,
11.47,2.77E-02,-44.71,,,,,
11.48,2.77E-02,-44.67,,,,,
11.49,2.77E-02,-44.63,,,,,
11.5,2.76E-02,-44.59,,,,,
11.51,2.76E-02,-44.56,,,,,
11.52,2.75E-02,-44.52,,,,,
11.53,2.75E-02,-44.48,,,,,
11.54,2.74E-02,-44.44,,,,,
11.55,2.74E-02,-44.4,,,,,
11.56,2.74E-02,-44.36,,,,,
11.57,2.73E-02,-44.32,,,,,
11.58,2.73E-02,-44.29,,,,,
11.59,2.72E-02,-44.25,,,,,
11.6,2.72E-02,-44.21,,,,,
11.61,2.71E-02,-44.17,,,,,
11.62,2.71E-02,-44.13,,,,,
11.63,2.71E-02,-44.09,,,,,
11.64,2.70E-02,-44.06,,,,,
11.65,2.70E-02,-44.02,,,,,
11.66,2.69E-02,-43.98,,,,,
11.67,2.69E-02,-43.94,,,,,
11.68,2.69E-02,-43.91,,,,,
11.69,2.68E-02,-43.87,,,,,
11.7,2.68E-02,-43.83,,,,,
11.71,2.67E-02,-43.79,,,,,
11.72,2.67E-02,-43.76,,,,,
11.73,2.67E-02,-43.72,,,,,
11.74,2.66E-02,-43.68,,,,,
11.75,2.66E-02,-43.64,,,,,
11.76,2.65E-02,-43.61,,,,,
11.77,2.65E-02,-43.57,,,,,
11.78,2.65E-02,-43.53,,,,,
11.79,2.64E-02,-43.5,,,,,
11.8,2.64E-02,-43.46,,,,,
11.81,2.63E-02,-43.42,,,,,
11.82,2.63E-02,-43.38,,,,,
11.83,2.63E-02,-43.35,,,,,
11.84,2.62E-02,-43.31,,,,,
11.85,2.62E-02,-43.27,,,,,
11.86,2.61E-02,-43.24,,,,,
11.87,2.61E-02,-43.2,,,,,
11.88,2.61E-02,-43.17,,,,,
11.89,2.60E-02,-43.13,,,,,
11.9,2.60E-02,-43.09,,,,,
11.91,2.59E-02,-43.06,,,,,
11.92,2.59E-02,-43.02,,,,,
11.93,2.59E-02,-42.98,,,,,
11.94,2.58E-02,-42.95,,,,,
11.95,2.58E-02,-42.91,,,,,
11.96,2.58E-02,-42.88,,,,,
11.97,2.57E-02,-42.84,,,,,
11.98,2.57E-02,-42.8,,,,,
11.99,2.56E-02,-42.77,,,,,
12,2.56E-02,-42.73,,,,,
12.01,2.56E-02,-42.7,,,,,
12.02,2.55E-02,-42.66,,,,,
12.03,2.55E-02,-42.63,,,,,
12.04,2.54E-02,-42.59,,,,,
12.05,2.54E-02,-42.56,,,,,
12.06,2.54E-02,-42.52,,,,,
12.07,2.53E-02,-42.48,,,,,
12.08,2.53E-02,-42.45,,,,,
12.09,2.53E-02,-42.41,,,,,
12.1,2.52E-02,-42.38,,,,,
12.11,2.52E-02,-42.34,,,,,
12.12,2.52E-02,-42.31,,,,,
12.13,2.51E-02,-42.27,,,,,
12.14,2.51E-02,-42.24,,,,,
12.15,2.50E-02,-42.2,,,,,
12.16,2.50E-02,-42.17,,,,,
12.17,2.50E-02,-42.14,,,,,
12.18,2.49E-02,-42.1,,,,,
12.19,2.49E-02,-42.07,,,,,
12.2,2.49E-02,-42.03,,,,,
12.21,2.48E-02,-42,,,,,
12.22,2.48E-02,-41.96,,,,,
12.23,2.47E-02,-41.93,,,,,
12.24,2.47E-02,-41.89,,,,,
12.25,2.47E-02,-41.86,,,,,
12.26,2.46E-02,-41.83,,,,,
12.27,2.46E-02,-41.79,,,,,
12.28,2.46E-02,-41.76,,,,,
12.29,2.45E-02,-41.72,,,,,
12.3,2.45E-02,-41.69,,,,,
12.31,2.45E-02,-41.66,,,,,
12.32,2.44E-02,-41.62,,,,,
12.33,2.44E-02,-41.59,,,,,
12.34,2.44E-02,-41.55,,,,,
12.35,2.43E-02,-41.52,,,,,
12.36,2.43E-02,-41.49,,,,,
12.37,2.42E-02,-41.45,,,,,
12.38,2.42E-02,-41.42,,,,,
12.39,2.42E-02,-41.39,,,,,
12.4,2.41E-02,-41.35,,,,,
12.41,2.41E-02,-41.32,,,,,
12.42,2.41E-02,-41.29,,,,,
12.43,2.40E-02,-41.25,,,,,
12.44,2.40E-02,-41.22,,,,,
12.45,2.40E-02,-41.19,,,,,
12.46,2.39E-02,-41.15,,,,,
12.47,2.39E-02,-41.12,,,,,
12.48,2.39E-02,-41.09,,,,,
12.49,2.38E-02,-41.05,,,,,
12.5,2.38E-02,-41.02,,,,,
12.51,2.38E-02,-40.99,,,,,
12.52,2.37E-02,-40.96,,,,,
12.53,2.37E-02,-40.92,,,,,
12.54,2.37E-02,-40.89,,,,,
12.55,2.36E-02,-40.86,,,,,
12.56,2.36E-02,-40.83,,,,,
12.57,2.36E-02,-40.79,,,,,
12.58,2.35E-02,-40.76,,,,,
12.59,2.35E-02,-40.73,,,,,
12.6,2.35E-02,-40.7,,,,,
12.61,2.34E-02,-40.66,,,,,
12.62,2.34E-02,-40.63,,,,,
12.63,2.34E-02,-40.6,,,,,
12.64,2.33E-02,-40.57,,,,,
12.65,2.33E-02,-40.53,,,,,
12.66,2.33E-02,-40.5,,,,,
12.67,2.32E-02,-40.47,,,,,
12.68,2.32E-02,-40.44,,,,,
12.69,2.32E-02,-40.41,,,,,
12.7,2.31E-02,-40.37,,,,,
12.71,2.31E-02,-40.34,,,,,
12.72,2.31E-02,-40.31,,,,,
12.73,2.30E-02,-40.28,,,,,
12.74,2.30E-02,-40.25,,,,,
12.75,2.30E-02,-40.22,,,,,
12.76,2.29E-02,-40.18,,,,,
12.77,2.29E-02,-40.15,,,,,
12.78,2.29E-02,-40.12,,,,,
12.79,2.28E-02,-40.09,,,,,
12.8,2.28E-02,-40.06,,,,,
12.81,2.28E-02,-40.03,,,,,
12.82,2.27E-02,-40,,,,,
12.83,2.27E-02,-39.96,,,,,
12.84,2.27E-02,-39.93,,,,,
12.85,2.26E-02,-39.9,,,,,
12.86,2.26E-02,-39.87,,,,,
12.87,2.26E-02,-39.84,,,,,
12.88,2.25E-02,-39.81,,,,,
12.89,2.25E-02,-39.78,,,,,
12.9,2.25E-02,-39.75,,,,,
12.91,2.25E-02,-39.72,,,,,
12.92,2.24E-02,-39.69,,,,,
12.93,2.24E-02,-39.66,,,,,
12.94,2.24E-02,-39.62,,,,,
12.95,2.23E-02,-39.59,,,,,
12.96,2.23E-02,-39.56,,,,,
12.97,2.23E-02,-39.53,,,,,
12.98,2.22E-02,-39.5,,,,,
12.99,2.22E-02,-39.47,,,,,
13,2.22E-02,-39.44,,,,,
13.01,2.21E-02,-39.41,,,,,
13.02,2.21E-02,-39.38,,,,,
13.03,2.21E-02,-39.35,,,,,
13.04,2.20E-02,-39.32,,,,,
13.05,2.20E-02,-39.29,,,,,
13.06,2.20E-02,-39.26,,,,,
13.07,2.20E-02,-39.23,,,,,
13.08,2.19E-02,-39.2,,,,,
13.09,2.19E-02,-39.17,,,,,
13.1,2.19E-02,-39.14,,,,,
13.11,2.18E-02,-39.11,,,,,
13.12,2.18E-02,-39.08,,,,,
13.13,2.18E-02,-39.05,,,,,
13.14,2.17E-02,-39.02,,,,,
13.15,2.17E-02,-38.99,,,,,
13.16,2.17E-02,-38.96,,,,,
13.17,2.17E-02,-38.93,,,,,
13.18,2.16E-02,-38.9,,,,,
13.19,2.16E-02,-38.87,,,,,
13.2,2.16E-02,-38.84,,,,,
13.21,2.15E-02,-38.81,,,,,
13.22,2.15E-02,-38.78,,,,,
13.23,2.15E-02,-38.76,,,,,
13.24,2.14E-02,-38.73,,,,,
13.25,2.14E-02,-38.7,,,,,
13.26,2.14E-02,-38.67,,,,,
13.27,2.14E-02,-38.64,,,,,
13.28,2.13E-02,-38.61,,,,,
13.29,2.13E-02,-38.58,,,,,
13.3,2.13E-02,-38.55,,,,,
13.31,2.12E-02,-38.52,,,,,
13.32,2.12E-02,-38.49,,,,,
13.33,2.12E-02,-38.46,,,,,
13.34,2.12E-02,-38.44,,,,,
13.35,2.11E-02,-38.41,,,,,
13.36,2.11E-02,-38.38,,,,,
13.37,2.11E-02,-38.35,,,,,
13.38,2.10E-02,-38.32,,,,,
13.39,2.10E-02,-38.29,,,,,
13.4,2.10E-02,-38.26,,,,,
13.41,2.10E-02,-38.23,,,,,
13.42,2.09E-02,-38.21,,,,,
13.43,2.09E-02,-38.18,,,,,
13.44,2.09E-02,-38.15,,,,,
13.45,2.08E-02,-38.12,,,,,
13.46,2.08E-02,-38.09,,,,,
13.47,2.08E-02,-38.06,,,,,
13.48,2.08E-02,-38.04,,,,,
13.49,2.07E-02,-38.01,,,,,
13.5,2.07E-02,-37.98,,,,,
13.51,2.07E-02,-37.95,,,,,
13.52,2.06E-02,-37.92,,,,,
13.53,2.06E-02,-37.89,,,,,
13.54,2.06E-02,-37.87,,,,,
13.55,2.06E-02,-37.84,,,,,
13.56,2.05E-02,-37.81,,,,,
13.57,2.05E-02,-37.78,,,,,
13.58,2.05E-02,-37.76,,,,,
13.59,2.05E-02,-37.73,,,,,
13.6,2.04E-02,-37.7,,,,,
13.61,2.04E-02,-37.67,,,,,
13.62,2.04E-02,-37.64,,,,,
13.63,2.03E-02,-37.62,,,,,
13.64,2.03E-02,-37.59,,,,,
13.65,2.03E-02,-37.56,,,,,
13.66,2.03E-02,-37.53,,,,,
13.67,2.02E-02,-37.51,,,,,
13.68,2.02E-02,-37.48,,,,,
13.69,2.02E-02,-37.45,,,,,
13.7,2.02E-02,-37.42,,,,,
13.71,2.01E-02,-37.4,,,,,
13.72,2.01E-02,-37.37,,,,,
13.73,2.01E-02,-37.34,,,,,
13.74,2.00E-02,-37.31,,,,,
13.75,2.00E-02,-37.29,,,,,
13.76,2.00E-02,-37.26,,,,,
13.77,2.00E-02,-37.23,,,,,
13.78,1.99E-02,-37.21,,,,,
13.79,1.99E-02,-37.18,,,,,
13.8,1.99E-02,-37.15,,,,,
13.81,1.99E-02,-37.13,,,,,
13.82,1.98E-02,-37.1,,,,,
13.83,1.98E-02,-37.07,,,,,
13.84,1.98E-02,-37.05,,,,,
13.85,1.98E-02,-37.02,,,,,
13.86,1.97E-02,-36.99,,,,,
13.87,1.97E-02,-36.96,,,,,
13.88,1.97E-02,-36.94,,,,,
13.89,1.97E-02,-36.91,,,,,
13.9,1.96E-02,-36.88,,,,,
13.91,1.96E-02,-36.86,,,,,
13.92,1.96E-02,-36.83,,,,,
13.93,1.95E-02,-36.81,,,,,
13.94,1.95E-02,-36.78,,,,,
13.95,1.95E-02,-36.75,,,,,
13.96,1.95E-02,-36.73,,,,,
13.97,1.94E-02,-36.7,,,,,
13.98,1.94E-02,-36.67,,,,,
13.99,1.94E-02,-36.65,,,,,
14,1.94E-02,-36.62,,,,,
14.01,1.93E-02,-36.6,,,,,
14.02,1.93E-02,-36.57,,,,,
14.03,1.93E-02,-36.54,,,,,
14.04,1.93E-02,-36.52,,,,,
14.05,1.92E-02,-36.49,,,,,
14.06,1.92E-02,-36.46,,,,,
14.07,1.92E-02,-36.44,,,,,
14.08,1.92E-02,-36.41,,,,,
14.09,1.91E-02,-36.39,,,,,
14.1,1.91E-02,-36.36,,,,,
14.11,1.91E-02,-36.34,,,,,
14.12,1.91E-02,-36.31,,,,,
14.13,1.90E-02,-36.28,,,,,
14.14,1.90E-02,-36.26,,,,,
14.15,1.90E-02,-36.23,,,,,
14.16,1.90E-02,-36.21,,,,,
14.17,1.89E-02,-36.18,,,,,
14.18,1.89E-02,-36.16,,,,,
14.19,1.89E-02,-36.13,,,,,
14.2,1.89E-02,-36.1,,,,,
14.21,1.88E-02,-36.08,,,,,
14.22,1.88E-02,-36.05,,,,,
14.23,1.88E-02,-36.03,,,,,
14.24,1.88E-02,-36,,,,,
14.25,1.87E-02,-35.98,,,,,
14.26,1.87E-02,-35.95,,,,,
14.27,1.87E-02,-35.93,,,,,
14.28,1.87E-02,-35.9,,,,,
14.29,1.87E-02,-35.88,,,,,
14.3,1.86E-02,-35.85,,,,,
14.31,1.86E-02,-35.83,,,,,
14.32,1.86E-02,-35.8,,,,,
14.33,1.86E-02,-35.78,,,,,
14.34,1.85E-02,-35.75,,,,,
14.35,1.85E-02,-35.73,,,,,
14.36,1.85E-02,-35.7,,,,,
14.37,1.85E-02,-35.68,,,,,
14.38,1.84E-02,-35.65,,,,,
14.39,1.84E-02,-35.63,,,,,
14.4,1.84E-02,-35.6,,,,,
14.41,1.84E-02,-35.58,,,,,
14.42,1.83E-02,-35.55,,,,,
14.43,1.83E-02,-35.53,,,,,
14.44,1.83E-02,-35.5,,,,,
14.45,1.83E-02,-35.48,,,,,
14.46,1.82E-02,-35.46,,,,,
14.47,1.82E-02,-35.43,,,,,
14.48,1.82E-02,-35.41,,,,,
14.49,1.82E-02,-35.38,,,,,
14.5,1.82E-02,-35.36,,,,,
14.51,1.81E-02,-35.33,,,,,
14.52,1.81E-02,-35.31,,,,,
14.53,1.81E-02,-35.28,,,,,
14.54,1.81E-02,-35.26,,,,,
14.55,1.80E-02,-35.24,,,,,
14.56,1.80E-02,-35.21,,,,,
14.57,1.80E-02,-35.19,,,,,
14.58,1.80E-02,-35.16,,,,,
14.59,1.80E-02,-35.14,,,,,
14.6,1.79E-02,-35.11,,,,,
14.61,1.79E-02,-35.09,,,,,
14.62,1.79E-02,-35.07,,,,,
14.63,1.79E-02,-35.04,,,,,
14.64,1.78E-02,-35.02,,,,,
14.65,1.78E-02,-34.99,,,,,
14.66,1.78E-02,-34.97,,,,,
14.67,1.78E-02,-34.95,,,,,
14.68,1.77E-02,-34.92,,,,,
14.69,1.77E-02,-34.9,,,,,
14.7,1.77E-02,-34.88,,,,,
14.71,1.77E-02,-34.85,,,,,
14.72,1.77E-02,-34.83,,,,,
14.73,1.76E-02,-34.8,,,,,
14.74,1.76E-02,-34.78,,,,,
14.75,1.76E-02,-34.76,,,,,
14.76,1.76E-02,-34.73,,,,,
14.77,1.75E-02,-34.71,,,,,
14.78,1.75E-02,-34.69,,,,,
14.79,1.75E-02,-34.66,,,,,
14.8,1.75E-02,-34.64,,,,,
14.81,1.75E-02,-34.62,,,,,
14.82,1.74E-02,-34.59,,,,,
14.83,1.74E-02,-34.57,,,,,
14.84,1.74E-02,-34.55,,,,,
14.85,1.74E-02,-34.52,,,,,
14.86,1.74E-02,-34.5,,,,,
14.87,1.73E-02,-34.48,,,,,
14.88,1.73E-02,-34.45,,,,,
14.89,1.73E-02,-34.43,,,,,
14.9,1.73E-02,-34.41,,,,,
14.91,1.72E-02,-34.38,,,,,
14.92,1.72E-02,-34.36,,,,,
14.93,1.72E-02,-34.34,,,,,
14.94,1.72E-02,-34.31,,,,,
14.95,1.72E-02,-34.29,,,,,
14.96,1.71E-02,-34.27,,,,,
14.97,1.71E-02,-34.25,,,,,
14.98,1.71E-02,-34.22,,,,,
14.99,1.71E-02,-34.2,,,,,
15,1.71E-02,-34.18,,,,,
